reg_0,reg_1,frw_0,frw_1,true,ID
0.998739411862508,0.00126058813749246,0.999998025231841,1.97476815936284e-06,0,2019-09-25 02:51:09
0.998739411862508,0.00126058813749246,0.999998025231841,1.97476815936284e-06,0,2019-09-25 02:51:09
0.998739411862508,0.00126058813749246,0.999998025231841,1.97476815936284e-06,0,2019-09-25 02:51:09
0.998739411862508,0.00126058813749246,0.999998025231841,1.97476815936284e-06,0,2019-09-25 02:51:09
0.998739411862508,0.00126058813749246,0.999998025231841,1.97476815936284e-06,0,2019-09-25 02:51:09
0.998739411862508,0.00126058813749246,0.999998025231841,1.97476815936284e-06,0,2019-09-25 02:51:09
0.998739411862508,0.00126058813749246,0.999998025231841,1.97476815936284e-06,0,2019-09-25 02:51:09
0.998739411862508,0.00126058813749246,0.999998025231841,1.97476815936284e-06,0,2019-09-25 02:51:09
0.998739411862508,0.00126058813749246,0.999998025231841,1.97476815936284e-06,0,2019-09-25 02:51:09
0.998739411862508,0.00126058813749246,0.999998025231841,1.97476815936284e-06,0,2019-09-25 02:51:09
0.998739411862508,0.00126058813749246,0.999998025231841,1.97476815936284e-06,0,2019-09-25 02:51:09
0.998739411862508,0.00126058813749246,0.999998025231841,1.97476815936284e-06,0,2019-09-25 02:51:09
0.998739411862508,0.00126058813749246,0.999998025231841,1.97476815936284e-06,0,2019-09-25 02:51:09
0.998739411862508,0.00126058813749246,0.999998025231841,1.97476815936284e-06,0,2019-09-25 02:51:09
0.998739411862508,0.00126058813749246,0.999998025231841,1.97476815936284e-06,0,2019-09-25 02:51:09
0.998739411862508,0.00126058813749246,0.999998025231841,1.97476815936284e-06,0,2019-09-25 02:51:09
0.998739411862508,0.00126058813749246,0.999998025231841,1.97476815936284e-06,0,2019-09-25 02:51:09
0.998739411862508,0.00126058813749246,0.999998025231841,1.97476815936284e-06,0,2019-09-25 02:51:09
0.998739411862508,0.00126058813749246,0.999998025231841,1.97476815936284e-06,0,2019-09-25 02:51:09
0.998739411862508,0.00126058813749246,0.999998025231841,1.97476815936284e-06,0,2019-09-25 02:51:09
0.998739411862508,0.00126058813749246,0.999998025231841,1.97476815936284e-06,0,2019-09-25 02:51:09
0.998739411862508,0.00126058813749246,0.999998025231841,1.97476815936284e-06,0,2019-09-25 02:51:09
0.998739411862508,0.00126058813749246,0.999998025231841,1.97476815936284e-06,0,2019-09-25 02:51:09
0.998739411862508,0.00126058813749246,0.999998025231841,1.97476815936284e-06,0,2019-09-25 02:51:09
0.998739411862508,0.00126058813749246,0.999998025231841,1.97476815936284e-06,0,2019-09-25 02:51:09
0.998739411862508,0.00126058813749246,0.999998025231841,1.97476815936284e-06,0,2019-09-25 02:51:09
0.998739411862508,0.00126058813749246,0.999998025231841,1.97476815936284e-06,0,2019-09-25 02:51:09
0.998739411862508,0.00126058813749246,0.999998025231841,1.97476815936284e-06,0,2019-09-25 02:51:09
0.998739411862508,0.00126058813749246,0.999998025231841,1.97476815936284e-06,0,2019-09-25 02:51:09
0.998739411862508,0.00126058813749246,0.999998025231841,1.97476815936284e-06,0,2019-09-25 02:51:09
0.998739411862508,0.00126058813749246,0.999998025231841,1.97476815936284e-06,0,2019-09-25 02:51:09
0.998739411862508,0.00126058813749246,0.999998025231841,1.97476815936284e-06,0,2019-09-25 02:51:09
0.998739411862508,0.00126058813749246,0.999998025231841,1.97476815936284e-06,0,2019-09-25 02:51:09
0.998739411862508,0.00126058813749246,0.999998025231841,1.97476815936284e-06,0,2019-09-25 02:51:09
0.998739411862508,0.00126058813749246,0.999998025231841,1.97476815936284e-06,0,2019-09-25 02:51:09
0.998739411862508,0.00126058813749246,0.999998025231841,1.97476815936284e-06,0,2019-09-25 02:51:09
0.998739411862508,0.00126058813749246,0.999998025231841,1.97476815936284e-06,0,2019-09-25 02:51:09
0.998739411862508,0.00126058813749246,0.999998025231841,1.97476815936284e-06,0,2019-09-25 02:51:09
0.998739411862508,0.00126058813749246,0.999998025231841,1.97476815936284e-06,0,2019-09-25 02:51:09
0.998739411862508,0.00126058813749246,0.999998025231841,1.97476815936284e-06,0,2019-09-25 02:51:09
0.998739411862508,0.00126058813749246,0.999998025231841,1.97476815936284e-06,0,2019-09-25 02:51:09
0.998739411862508,0.00126058813749246,0.999998025231841,1.97476815936284e-06,0,2019-09-25 02:51:09
0.998739411862508,0.00126058813749246,0.999998025231841,1.97476815936284e-06,0,2019-09-25 02:51:09
0.998739411862508,0.00126058813749246,0.999998025231841,1.97476815936284e-06,0,2019-09-25 02:51:09
0.998739411862508,0.00126058813749246,0.999998025231841,1.97476815936284e-06,0,2019-09-25 02:51:09
0.998739411862508,0.00126058813749246,0.999998025231841,1.97476815936284e-06,0,2019-09-25 02:51:09
0.998739411862508,0.00126058813749246,0.999998025231841,1.97476815936284e-06,0,2019-09-25 02:51:09
0.998739411862508,0.00126058813749246,0.999998025231841,1.97476815936284e-06,0,2019-09-25 02:51:09
0.998739411862508,0.00126058813749246,0.999998025231841,1.97476815936284e-06,0,2019-09-25 02:51:09
0.998739411862508,0.00126058813749246,0.999998025231841,1.97476815936284e-06,0,2019-09-25 02:51:09
0.998739411862508,0.00126058813749246,0.999998025231841,1.97476815936284e-06,0,2019-09-25 02:51:09
0.998739411862508,0.00126058813749246,0.999998025231841,1.97476815936284e-06,0,2019-09-25 02:51:09
0.998739411862508,0.00126058813749246,0.999998025231841,1.97476815936284e-06,0,2019-09-25 02:51:09
0.998739411862508,0.00126058813749246,0.999998025231841,1.97476815936284e-06,0,2019-09-25 02:51:09
0.998739411862508,0.00126058813749246,0.999998025231841,1.97476815936284e-06,0,2019-09-25 02:51:09
0.998739411862508,0.00126058813749246,0.999998025231841,1.97476815936284e-06,0,2019-09-25 02:51:09
0.998739411862508,0.00126058813749246,0.999998025231841,1.97476815936284e-06,0,2019-09-25 02:51:09
0.998739411862508,0.00126058813749246,0.999998025231841,1.97476815936284e-06,0,2019-09-25 02:51:09
0.998739411862508,0.00126058813749246,0.999998025231841,1.97476815936284e-06,0,2019-09-25 02:51:09
0.998739411862508,0.00126058813749246,0.999998025231841,1.97476815936284e-06,0,2019-09-25 02:51:09
0.998739411862508,0.00126058813749246,0.999998025231841,1.97476815936284e-06,0,2019-09-25 02:51:09
0.998739411862508,0.00126058813749246,0.999998025231841,1.97476815936284e-06,0,2019-09-25 02:51:09
0.998739411862508,0.00126058813749246,0.999998025231841,1.97476815936284e-06,0,2019-09-25 02:51:09
0.998739411862508,0.00126058813749246,0.999998025231841,1.97476815936284e-06,0,2019-09-25 02:51:09
0.998739411862508,0.00126058813749246,0.999998025231841,1.97476815936284e-06,0,2019-09-25 02:51:09
0.998739411862508,0.00126058813749246,0.999998025231841,1.97476815936284e-06,0,2019-09-25 02:51:09
0.998739411862508,0.00126058813749246,0.999998025231841,1.97476815936284e-06,0,2019-09-25 02:51:09
0.998739411862508,0.00126058813749246,0.999998025231841,1.97476815936284e-06,0,2019-09-25 02:51:09
0.998739411862508,0.00126058813749246,0.999998025231841,1.97476815936284e-06,0,2019-09-25 02:51:09
0.998739411862508,0.00126058813749246,0.999998025231841,1.97476815936284e-06,0,2019-09-25 02:51:09
0.998739411862508,0.00126058813749246,0.999998025231841,1.97476815936284e-06,0,2019-09-25 02:51:09
0.998739411862508,0.00126058813749246,0.999998025231841,1.97476815936284e-06,0,2019-09-25 02:51:09
0.998739411862508,0.00126058813749246,0.999998025231841,1.97476815936284e-06,0,2019-09-25 02:51:09
0.998739411862508,0.00126058813749246,0.999998025231841,1.97476815936284e-06,0,2019-09-25 02:51:09
0.998739411862508,0.00126058813749246,0.999998025231841,1.97476815936284e-06,0,2019-09-25 02:51:09
0.998739411862508,0.00126058813749246,0.999998025231841,1.97476815936284e-06,0,2019-09-25 02:51:09
0.998739411862508,0.00126058813749246,0.999998025231841,1.97476815936284e-06,0,2019-09-25 02:51:09
0.998739411862508,0.00126058813749246,0.999998025231841,1.97476815936284e-06,0,2019-09-25 02:51:09
0.998739411862508,0.00126058813749246,0.999998025231841,1.97476815936284e-06,0,2019-09-25 02:51:09
0.998739411862508,0.00126058813749246,0.999998025231841,1.97476815936284e-06,0,2019-09-25 02:51:09
0.998739411862508,0.00126058813749246,0.999998025231841,1.97476815936284e-06,0,2019-09-25 02:51:09
0.998739411862508,0.00126058813749246,0.999998025231841,1.97476815936284e-06,0,2019-09-25 02:51:09
0.998739411862508,0.00126058813749246,0.999998025231841,1.97476815936284e-06,0,2019-09-25 02:51:09
0.998739411862508,0.00126058813749246,0.999998025231841,1.97476815936284e-06,0,2019-09-25 02:51:09
0.998739411862508,0.00126058813749246,0.999998025231841,1.97476815936284e-06,0,2019-09-25 02:51:09
0.998739411862508,0.00126058813749246,0.999998025231841,1.97476815936284e-06,0,2019-09-25 02:51:09
0.998739411862508,0.00126058813749246,0.999998025231841,1.97476815936284e-06,0,2019-09-25 02:51:09
0.998739411862508,0.00126058813749246,0.999998025231841,1.97476815936284e-06,0,2019-09-25 02:51:09
0.998739411862508,0.00126058813749246,0.999998025231841,1.97476815936284e-06,0,2019-09-25 02:51:09
0.998739411862508,0.00126058813749246,0.999998025231841,1.97476815936284e-06,0,2019-09-25 02:51:09
0.998739411862508,0.00126058813749246,0.999998025231841,1.97476815936284e-06,0,2019-09-25 02:51:09
0.998739411862508,0.00126058813749246,0.999998025231841,1.97476815936284e-06,0,2019-09-25 02:51:09
0.998739411862508,0.00126058813749246,0.999998025231841,1.97476815936284e-06,0,2019-09-25 02:51:09
0.998739411862508,0.00126058813749246,0.999998025231841,1.97476815936284e-06,0,2019-09-25 02:51:09
0.998739411862508,0.00126058813749246,0.999998025231841,1.97476815936284e-06,0,2019-09-25 02:51:09
0.998739411862508,0.00126058813749246,0.999998025231841,1.97476815936284e-06,0,2019-09-25 02:51:09
0.998739411862508,0.00126058813749246,0.999998025231841,1.97476815936284e-06,0,2019-09-25 02:51:09
0.998739411862508,0.00126058813749246,0.999998025231841,1.97476815936284e-06,0,2019-09-25 02:51:09
0.998739411862508,0.00126058813749246,0.999998025231841,1.97476815936284e-06,0,2019-09-25 02:51:09
0.998739411862508,0.00126058813749246,0.999998025231841,1.97476815936284e-06,0,2019-09-25 02:51:09
0.788671428571429,0.211328571428571,0.997553570100243,0.00244642989975659,1,2019-09-25 02:51:09
0.904041091559653,0.0959589084403466,0.998821019068202,0.00117898093179756,1,2019-09-25 02:51:09
0.918312491502396,0.081687508497604,0.999146136179454,0.000853863820545783,1,2019-09-25 02:51:09
0.984468011919765,0.0155319880802351,0.999672908120589,0.00032709187941114,1,2019-09-25 02:51:09
0.788671428571429,0.211328571428571,0.997553570100243,0.00244642989975659,1,2019-09-25 02:51:09
0.794374262811337,0.205625737188663,0.99774538442394,0.00225461557606,1,2019-09-25 02:51:09
0.788671428571429,0.211328571428571,0.997553570100243,0.00244642989975659,1,2019-09-25 02:51:09
0.998739411862508,0.00126058813749246,0.999998025231841,1.97476815936284e-06,1,2019-09-25 02:51:09
0.788671428571429,0.211328571428571,0.997553570100243,0.00244642989975659,1,2019-09-25 02:51:09
0.998739411862508,0.00126058813749246,0.999998025231841,1.97476815936284e-06,1,2019-09-25 02:51:09
0.998739411862508,0.00126058813749246,0.999672908120589,0.00032709187941114,1,2019-09-25 02:51:09
0.949885278296734,0.0501147217032658,0.998821019068202,0.00117898093179756,1,2019-09-25 02:51:09
0.794374262811337,0.205625737188663,0.997683105451715,0.00231689454828488,1,2019-09-25 02:51:09
0.998739411862508,0.00126058813749246,0.999571804811044,0.000428195188956309,1,2019-09-25 02:51:09
0.840218449548418,0.159781550451582,0.997683105451715,0.00231689454828488,1,2019-09-25 02:51:09
0.794374262811337,0.205625737188663,0.997683105451715,0.00231689454828488,1,2019-09-25 02:51:09
0.998739411862508,0.00126058813749246,0.999571804811044,0.000428195188956309,1,2019-09-25 02:51:09
0.794374262811337,0.205625737188663,0.997683105451715,0.00231689454828488,1,2019-09-25 02:51:09
0.788671428571429,0.211328571428571,0.997553570100243,0.00244642989975659,1,2019-09-25 02:51:09
0.897813992048899,0.102186007951101,0.998472715531877,0.00152728446812335,1,2019-09-25 02:51:09
0.788671428571429,0.211328571428571,0.997553570100243,0.00244642989975659,1,2019-09-25 02:51:09
0.998739411862508,0.00126058813749246,0.999571804811044,0.000428195188956309,1,2019-09-25 02:51:09
0.788671428571429,0.211328571428571,0.997553570100243,0.00244642989975659,1,2019-09-25 02:51:09
0.940259595086098,0.0597404049139024,0.998433891194556,0.00156610880544363,1,2019-09-25 02:51:09
0.788671428571429,0.211328571428571,0.997592394437564,0.00240760556243631,1,2019-09-25 02:51:09
0.891206851651265,0.108793148348735,0.998821019068202,0.00117898093179756,1,2019-09-25 02:51:09
0.794374262811337,0.205625737188663,0.997683105451715,0.00231689454828488,1,2019-09-25 02:51:09
0.788671428571429,0.211328571428571,0.997553570100243,0.00244642989975659,1,2019-09-25 02:51:09
0.788671428571429,0.211328571428571,0.997615849072468,0.00238415092753171,1,2019-09-25 02:51:09
0.984468011919765,0.0155319880802351,0.999571804811044,0.000428195188956309,1,2019-09-25 02:51:09
0.935613878353992,0.0643861216460084,0.998922122377748,0.00107787762225239,1,2019-09-25 02:51:09
0.970210926319994,0.0297890736800061,0.998821019068202,0.00117898093179756,1,2019-09-25 02:51:09
0.788671428571429,0.211328571428571,0.997553570100243,0.00244642989975659,1,2019-09-25 02:51:09
0.918312491502396,0.081687508497604,0.998821019068202,0.00117898093179756,1,2019-09-25 02:51:09
0.998739411862508,0.00126058813749246,0.999998025231841,1.97476815936284e-06,1,2019-09-25 02:51:09
0.998739411862508,0.00126058813749246,0.999998025231841,1.97476815936284e-06,1,2019-09-25 02:51:09
0.998739411862508,0.00126058813749246,0.999998025231841,1.97476815936284e-06,1,2019-09-25 02:51:09
0.820244215365767,0.179755784634233,0.997615849072468,0.00238415092753171,1,2019-09-25 02:51:09
0.788671428571429,0.211328571428571,0.997553570100243,0.00244642989975659,1,2019-09-25 02:51:09
0.788671428571429,0.211328571428571,0.997553570100243,0.00244642989975659,1,2019-09-25 02:51:09
0.883364023137094,0.116635976862906,0.998433891194556,0.00156610880544363,1,2019-09-25 02:51:09
0.846272697628935,0.153727302371065,0.99778420876126,0.00221579123873971,1,2019-09-25 02:51:09
0.889072583114191,0.110927416885809,0.998433891194556,0.00156610880544363,1,2019-09-25 02:51:09
0.788671428571429,0.211328571428571,0.997553570100243,0.00244642989975659,1,2019-09-25 02:51:09
0.998739411862508,0.00126058813749246,0.999998025231841,1.97476815936284e-06,1,2019-09-25 02:51:09
0.788671428571429,0.211328571428571,0.997553570100243,0.00244642989975659,1,2019-09-25 02:51:09
0.788671428571429,0.211328571428571,0.997615849072468,0.00238415092753171,1,2019-09-25 02:51:09
0.912609657262488,0.0873903427375123,0.998691483716731,0.00130851628326927,1,2019-09-25 02:51:09
0.998739411862508,0.00126058813749246,0.999998025231841,1.97476815936284e-06,1,2019-09-25 02:51:09
0.874801183171449,0.125198816828552,0.998496170166781,0.00150382983321875,1,2019-09-25 02:51:09
0.794374262811337,0.205625737188663,0.997683105451715,0.00231689454828488,1,2019-09-25 02:51:09
0.788671428571429,0.211328571428571,0.997553570100243,0.00244642989975659,1,2019-09-25 02:51:09
0.998739411862508,0.00126058813749246,0.999998025231841,1.97476815936284e-06,1,2019-09-25 02:51:09
0.984468011919765,0.0155319880802351,0.999610629148364,0.000389370851636024,1,2019-09-25 02:51:09
0.984468011919765,0.0155319880802351,0.999610629148364,0.000389370851636024,1,2019-09-25 02:51:09
0.788671428571429,0.211328571428571,0.997553570100243,0.00244642989975659,1,2019-09-25 02:51:09
0.788671428571429,0.211328571428571,0.997553570100243,0.00244642989975659,1,2019-09-25 02:51:09
0.788671428571429,0.211328571428571,0.997553570100243,0.00244642989975659,1,2019-09-25 02:51:09
0.802942828514171,0.197057171485829,0.997553570100243,0.00244642989975659,1,2019-09-25 02:51:09
0.998739411862508,0.00126058813749246,0.999998025231841,1.97476815936284e-06,1,2019-09-25 02:51:09
0.788671428571429,0.211328571428571,0.997553570100243,0.00244642989975659,1,2019-09-25 02:51:09
0.852706994794695,0.147293005205305,0.997721929789035,0.0022780702109646,1,2019-09-25 02:51:09
0.794374262811337,0.205625737188663,0.997683105451715,0.00231689454828488,1,2019-09-25 02:51:09
0.885498291674168,0.114501708325832,0.997683105451715,0.00231689454828488,1,2019-09-25 02:51:09
0.998739411862508,0.00126058813749246,0.999998025231841,1.97476815936284e-06,1,2019-09-25 02:51:09
0.788671428571429,0.211328571428571,0.997553570100243,0.00244642989975659,1,2019-09-25 02:51:09
0.998739411862508,0.00126058813749246,0.999610629148364,0.000389370851636024,1,2019-09-25 02:51:09
0.985896583348336,0.0141034166516637,0.999610629148364,0.000389370851636024,1,2019-09-25 02:51:09
0.998739411862508,0.00126058813749246,0.999610629148364,0.000389370851636024,1,2019-09-25 02:51:09
0.788671428571429,0.211328571428571,0.997553570100243,0.00244642989975659,1,2019-09-25 02:51:09
0.998739411862508,0.00126058813749246,0.999998025231841,1.97476815936284e-06,1,2019-09-25 02:51:09
0.998739411862508,0.00126058813749246,0.999998025231841,1.97476815936284e-06,1,2019-09-25 02:51:09
0.788671428571429,0.211328571428571,0.997553570100243,0.00244642989975659,1,2019-09-25 02:51:09
0.788671428571429,0.211328571428571,0.997592394437564,0.00240760556243631,1,2019-09-25 02:51:09
0.993030851885411,0.00696914811458951,0.999672908120589,0.00032709187941114,1,2019-09-25 02:51:09
0.998739411862508,0.00126058813749246,0.999998025231841,1.97476815936284e-06,1,2019-09-25 02:51:09
0.865544097571677,0.134455902428323,0.997683105451715,0.00231689454828488,1,2019-09-25 02:51:09
0.80864566275408,0.19135433724592,0.997683105451715,0.00231689454828488,1,2019-09-25 02:51:09
0.883542592106156,0.116457407893844,0.998472715531877,0.00152728446812335,1,2019-09-25 02:51:09
0.788671428571429,0.211328571428571,0.997553570100243,0.00244642989975659,1,2019-09-25 02:51:09
0.998739411862508,0.00126058813749246,0.999998025231841,1.97476815936284e-06,1,2019-09-25 02:51:09
0.960242417874532,0.0397575821254684,0.998797832643128,0.00120216735687157,1,2019-09-25 02:51:09
0.794374262811337,0.205625737188663,0.997683105451715,0.00231689454828488,1,2019-09-25 02:51:09
0.802942828514171,0.197057171485829,0.997553570100243,0.00244642989975659,1,2019-09-25 02:51:09
0.984468011919765,0.0155319880802351,0.999610629148364,0.000389370851636024,1,2019-09-25 02:51:09
0.898338257319745,0.101661742680255,0.998691483716731,0.00130851628326927,1,2019-09-25 02:51:09
0.788671428571429,0.211328571428571,0.997553570100243,0.00244642989975659,1,2019-09-25 02:51:09
0.80864566275408,0.19135433724592,0.997683105451715,0.00231689454828488,1,2019-09-25 02:51:09
0.861969806131655,0.138030193868345,0.997721929789035,0.0022780702109646,1,2019-09-25 02:51:09
0.788671428571429,0.211328571428571,0.997553570100243,0.00244642989975659,1,2019-09-25 02:51:09
0.788671428571429,0.211328571428571,0.997553570100243,0.00244642989975659,1,2019-09-25 02:51:09
0.788671428571429,0.211328571428571,0.997553570100243,0.00244642989975659,1,2019-09-25 02:51:09
0.998739411862508,0.00126058813749246,0.999998025231841,1.97476815936284e-06,1,2019-09-25 02:51:09
0.998739411862508,0.00126058813749246,0.999998025231841,1.97476815936284e-06,1,2019-09-25 02:51:09
0.794374262811337,0.205625737188663,0.99774538442394,0.00225461557606,1,2019-09-25 02:51:09
0.788671428571429,0.211328571428571,0.997553570100243,0.00244642989975659,1,2019-09-25 02:51:09
0.788671428571429,0.211328571428571,0.997553570100243,0.00244642989975659,1,2019-09-25 02:51:09
0.794374262811337,0.205625737188663,0.997683105451715,0.00231689454828488,1,2019-09-25 02:51:09
0.984468011919765,0.0155319880802351,0.999571804811044,0.000428195188956309,1,2019-09-25 02:51:09
0.918312491502396,0.081687508497604,0.998859843405523,0.00114015659447728,1,2019-09-25 02:51:09
0.999547987143065,0.000452012856934553,0.999998578271366,1.42172863365969e-06,0,2019-09-25 02:59:54
0.999547987143065,0.000452012856934553,0.999998578271366,1.42172863365969e-06,0,2019-09-25 02:59:54
0.999547987143065,0.000452012856934553,0.999998578271366,1.42172863365969e-06,0,2019-09-25 02:59:54
0.999547987143065,0.000452012856934553,0.999998578271366,1.42172863365969e-06,0,2019-09-25 02:59:54
0.999547987143065,0.000452012856934553,0.999998578271366,1.42172863365969e-06,0,2019-09-25 02:59:54
0.999547987143065,0.000452012856934553,0.999998578271366,1.42172863365969e-06,0,2019-09-25 02:59:54
0.999547987143065,0.000452012856934553,0.999998578271366,1.42172863365969e-06,0,2019-09-25 02:59:54
0.999547987143065,0.000452012856934553,0.999998578271366,1.42172863365969e-06,0,2019-09-25 02:59:54
0.999547987143065,0.000452012856934553,0.999998578271366,1.42172863365969e-06,0,2019-09-25 02:59:54
0.999547987143065,0.000452012856934553,0.999998578271366,1.42172863365969e-06,0,2019-09-25 02:59:54
0.999547987143065,0.000452012856934553,0.999998578271366,1.42172863365969e-06,0,2019-09-25 02:59:54
0.999547987143065,0.000452012856934553,0.999998578271366,1.42172863365969e-06,0,2019-09-25 02:59:54
0.999547987143065,0.000452012856934553,0.999998578271366,1.42172863365969e-06,0,2019-09-25 02:59:54
0.999547987143065,0.000452012856934553,0.999998578271366,1.42172863365969e-06,0,2019-09-25 02:59:54
0.999547987143065,0.000452012856934553,0.999998578271366,1.42172863365969e-06,0,2019-09-25 02:59:54
0.999547987143065,0.000452012856934553,0.999998578271366,1.42172863365969e-06,0,2019-09-25 02:59:54
0.999547987143065,0.000452012856934553,0.999998578271366,1.42172863365969e-06,0,2019-09-25 02:59:54
0.999547987143065,0.000452012856934553,0.999998578271366,1.42172863365969e-06,0,2019-09-25 02:59:54
0.999547987143065,0.000452012856934553,0.999998578271366,1.42172863365969e-06,0,2019-09-25 02:59:54
0.999547987143065,0.000452012856934553,0.999998578271366,1.42172863365969e-06,0,2019-09-25 02:59:54
0.999547987143065,0.000452012856934553,0.999998578271366,1.42172863365969e-06,0,2019-09-25 02:59:54
0.999547987143065,0.000452012856934553,0.999998578271366,1.42172863365969e-06,0,2019-09-25 02:59:54
0.999547987143065,0.000452012856934553,0.999998578271366,1.42172863365969e-06,0,2019-09-25 02:59:54
0.999547987143065,0.000452012856934553,0.999998578271366,1.42172863365969e-06,0,2019-09-25 02:59:54
0.999547987143065,0.000452012856934553,0.999998578271366,1.42172863365969e-06,0,2019-09-25 02:59:54
0.999547987143065,0.000452012856934553,0.999998578271366,1.42172863365969e-06,0,2019-09-25 02:59:54
0.999547987143065,0.000452012856934553,0.999998578271366,1.42172863365969e-06,0,2019-09-25 02:59:54
0.999547987143065,0.000452012856934553,0.999998578271366,1.42172863365969e-06,0,2019-09-25 02:59:54
0.999547987143065,0.000452012856934553,0.999998578271366,1.42172863365969e-06,0,2019-09-25 02:59:54
0.999547987143065,0.000452012856934553,0.999998578271366,1.42172863365969e-06,0,2019-09-25 02:59:54
0.999547987143065,0.000452012856934553,0.999998578271366,1.42172863365969e-06,0,2019-09-25 02:59:54
0.999547987143065,0.000452012856934553,0.999998578271366,1.42172863365969e-06,0,2019-09-25 02:59:54
0.999547987143065,0.000452012856934553,0.999998578271366,1.42172863365969e-06,0,2019-09-25 02:59:54
0.999547987143065,0.000452012856934553,0.999998578271366,1.42172863365969e-06,0,2019-09-25 02:59:54
0.999547987143065,0.000452012856934553,0.999998578271366,1.42172863365969e-06,0,2019-09-25 02:59:54
0.999547987143065,0.000452012856934553,0.999998578271366,1.42172863365969e-06,0,2019-09-25 02:59:54
0.999547987143065,0.000452012856934553,0.999998578271366,1.42172863365969e-06,0,2019-09-25 02:59:54
0.999547987143065,0.000452012856934553,0.999998578271366,1.42172863365969e-06,0,2019-09-25 02:59:54
0.999547987143065,0.000452012856934553,0.999998578271366,1.42172863365969e-06,0,2019-09-25 02:59:54
0.999547987143065,0.000452012856934553,0.999998578271366,1.42172863365969e-06,0,2019-09-25 02:59:54
0.999547987143065,0.000452012856934553,0.999998578271366,1.42172863365969e-06,0,2019-09-25 02:59:54
0.999547987143065,0.000452012856934553,0.999998578271366,1.42172863365969e-06,0,2019-09-25 02:59:54
0.999547987143065,0.000452012856934553,0.999998578271366,1.42172863365969e-06,0,2019-09-25 02:59:54
0.999547987143065,0.000452012856934553,0.999998578271366,1.42172863365969e-06,0,2019-09-25 02:59:54
0.999547987143065,0.000452012856934553,0.999998578271366,1.42172863365969e-06,0,2019-09-25 02:59:54
0.999547987143065,0.000452012856934553,0.999998578271366,1.42172863365969e-06,0,2019-09-25 02:59:54
0.999547987143065,0.000452012856934553,0.999998578271366,1.42172863365969e-06,0,2019-09-25 02:59:54
0.999547987143065,0.000452012856934553,0.999998578271366,1.42172863365969e-06,0,2019-09-25 02:59:54
0.999547987143065,0.000452012856934553,0.999998578271366,1.42172863365969e-06,0,2019-09-25 02:59:54
0.999547987143065,0.000452012856934553,0.999998578271366,1.42172863365969e-06,0,2019-09-25 02:59:54
0.999547987143065,0.000452012856934553,0.999998578271366,1.42172863365969e-06,0,2019-09-25 02:59:54
0.999547987143065,0.000452012856934553,0.999998578271366,1.42172863365969e-06,0,2019-09-25 02:59:54
0.999547987143065,0.000452012856934553,0.999998578271366,1.42172863365969e-06,0,2019-09-25 02:59:54
0.999547987143065,0.000452012856934553,0.999998578271366,1.42172863365969e-06,0,2019-09-25 02:59:54
0.999547987143065,0.000452012856934553,0.999998578271366,1.42172863365969e-06,0,2019-09-25 02:59:54
0.999547987143065,0.000452012856934553,0.999998578271366,1.42172863365969e-06,0,2019-09-25 02:59:54
0.999547987143065,0.000452012856934553,0.999998578271366,1.42172863365969e-06,0,2019-09-25 02:59:54
0.999547987143065,0.000452012856934553,0.999998578271366,1.42172863365969e-06,0,2019-09-25 02:59:54
0.999547987143065,0.000452012856934553,0.999998578271366,1.42172863365969e-06,0,2019-09-25 02:59:54
0.999547987143065,0.000452012856934553,0.999998578271366,1.42172863365969e-06,0,2019-09-25 02:59:54
0.999547987143065,0.000452012856934553,0.999998578271366,1.42172863365969e-06,0,2019-09-25 02:59:54
0.999547987143065,0.000452012856934553,0.999998578271366,1.42172863365969e-06,0,2019-09-25 02:59:54
0.999547987143065,0.000452012856934553,0.999998578271366,1.42172863365969e-06,0,2019-09-25 02:59:54
0.999547987143065,0.000452012856934553,0.999998578271366,1.42172863365969e-06,0,2019-09-25 02:59:54
0.999547987143065,0.000452012856934553,0.999998578271366,1.42172863365969e-06,0,2019-09-25 02:59:54
0.999547987143065,0.000452012856934553,0.999998578271366,1.42172863365969e-06,0,2019-09-25 02:59:54
0.999547987143065,0.000452012856934553,0.999998578271366,1.42172863365969e-06,0,2019-09-25 02:59:54
0.999547987143065,0.000452012856934553,0.999998578271366,1.42172863365969e-06,0,2019-09-25 02:59:54
0.999547987143065,0.000452012856934553,0.999998578271366,1.42172863365969e-06,0,2019-09-25 02:59:54
0.999547987143065,0.000452012856934553,0.999998578271366,1.42172863365969e-06,0,2019-09-25 02:59:54
0.999547987143065,0.000452012856934553,0.999998578271366,1.42172863365969e-06,0,2019-09-25 02:59:54
0.999547987143065,0.000452012856934553,0.999998578271366,1.42172863365969e-06,0,2019-09-25 02:59:54
0.999547987143065,0.000452012856934553,0.999998578271366,1.42172863365969e-06,0,2019-09-25 02:59:54
0.999547987143065,0.000452012856934553,0.999998578271366,1.42172863365969e-06,0,2019-09-25 02:59:54
0.999547987143065,0.000452012856934553,0.999998578271366,1.42172863365969e-06,0,2019-09-25 02:59:54
0.999547987143065,0.000452012856934553,0.999998578271366,1.42172863365969e-06,0,2019-09-25 02:59:54
0.999547987143065,0.000452012856934553,0.999998578271366,1.42172863365969e-06,0,2019-09-25 02:59:54
0.999547987143065,0.000452012856934553,0.999998578271366,1.42172863365969e-06,0,2019-09-25 02:59:54
0.999547987143065,0.000452012856934553,0.999998578271366,1.42172863365969e-06,0,2019-09-25 02:59:54
0.999547987143065,0.000452012856934553,0.999998578271366,1.42172863365969e-06,0,2019-09-25 02:59:54
0.999547987143065,0.000452012856934553,0.999998578271366,1.42172863365969e-06,0,2019-09-25 02:59:54
0.999547987143065,0.000452012856934553,0.999998578271366,1.42172863365969e-06,0,2019-09-25 02:59:54
0.999547987143065,0.000452012856934553,0.999998578271366,1.42172863365969e-06,0,2019-09-25 02:59:54
0.999547987143065,0.000452012856934553,0.999998578271366,1.42172863365969e-06,0,2019-09-25 02:59:54
0.999547987143065,0.000452012856934553,0.999998578271366,1.42172863365969e-06,0,2019-09-25 02:59:54
0.999547987143065,0.000452012856934553,0.999998578271366,1.42172863365969e-06,0,2019-09-25 02:59:54
0.999547987143065,0.000452012856934553,0.999998578271366,1.42172863365969e-06,0,2019-09-25 02:59:54
0.999547987143065,0.000452012856934553,0.999998578271366,1.42172863365969e-06,0,2019-09-25 02:59:54
0.999547987143065,0.000452012856934553,0.999998578271366,1.42172863365969e-06,0,2019-09-25 02:59:54
0.999547987143065,0.000452012856934553,0.999998578271366,1.42172863365969e-06,0,2019-09-25 02:59:54
0.999547987143065,0.000452012856934553,0.999998578271366,1.42172863365969e-06,0,2019-09-25 02:59:54
0.999547987143065,0.000452012856934553,0.999998578271366,1.42172863365969e-06,0,2019-09-25 02:59:54
0.999547987143065,0.000452012856934553,0.999998578271366,1.42172863365969e-06,0,2019-09-25 02:59:54
0.999547987143065,0.000452012856934553,0.999998578271366,1.42172863365969e-06,0,2019-09-25 02:59:54
0.999547987143065,0.000452012856934553,0.999998578271366,1.42172863365969e-06,0,2019-09-25 02:59:54
0.999547987143065,0.000452012856934553,0.999998578271366,1.42172863365969e-06,0,2019-09-25 02:59:54
0.999547987143065,0.000452012856934553,0.999998578271366,1.42172863365969e-06,0,2019-09-25 02:59:54
0.999547987143065,0.000452012856934553,0.999998578271366,1.42172863365969e-06,0,2019-09-25 02:59:54
0.999547987143065,0.000452012856934553,0.999998578271366,1.42172863365969e-06,0,2019-09-25 02:59:54
0.999547987143065,0.000452012856934553,0.999998578271366,1.42172863365969e-06,0,2019-09-25 02:59:54
0.72922983620824,0.27077016379176,0.987105654108646,0.0128943458913543,1,2019-09-25 02:59:54
0.616769335657509,0.383230664342491,0.988236226278616,0.0117637737213841,1,2019-09-25 02:59:54
0.999547987143065,0.000452012856934553,0.999998578271366,1.42172863365969e-06,1,2019-09-25 02:59:54
0.104900395364338,0.895099604635662,0.169106830583475,0.830893169416525,1,2019-09-25 02:59:54
0.877858406733861,0.122141593266139,0.989071804541252,0.0109281954587482,1,2019-09-25 02:59:54
0.999547987143065,0.000452012856934553,0.999998578271366,1.42172863365969e-06,1,2019-09-25 02:59:54
0.89377456530323,0.10622543469677,0.989071804541252,0.0109281954587482,1,2019-09-25 02:59:54
0.931755374455075,0.0682446255449255,0.99916300000873,0.000836999991269533,1,2019-09-25 02:59:54
0.583206374983507,0.416793625016493,0.169106830583475,0.830893169416525,1,2019-09-25 02:59:54
0.537623292855932,0.462376707144068,0.169106830583475,0.830893169416525,1,2019-09-25 02:59:54
0.710383007720049,0.289616992279951,0.987105654108646,0.0128943458913543,1,2019-09-25 02:59:54
0.999547987143065,0.000452012856934553,0.999998578271366,1.42172863365969e-06,1,2019-09-25 02:59:54
0.746079535115042,0.253920464884958,0.987105654108646,0.0128943458913543,1,2019-09-25 02:59:54
0.2950797720297,0.7049202279703,0.987941232371282,0.0120587676287184,1,2019-09-25 02:59:54
0.103650395364338,0.896349604635662,0.169106830583475,0.830893169416525,1,2019-09-25 02:59:54
0.14087977418059,0.85912022581941,0.169106830583475,0.830893169416525,1,2019-09-25 02:59:54
0.999547987143065,0.000452012856934553,0.999998578271366,1.42172863365969e-06,1,2019-09-25 02:59:54
0.72797983620824,0.27202016379176,0.987105654108646,0.0128943458913543,1,2019-09-25 02:59:54
0.379263780650363,0.620736219349637,0.180005187826375,0.819994812173625,1,2019-09-25 02:59:54
0.999547987143065,0.000452012856934553,0.999998578271366,1.42172863365969e-06,1,2019-09-25 02:59:54
0.999547987143065,0.000452012856934553,0.999998578271366,1.42172863365969e-06,1,2019-09-25 02:59:54
0.291845588517473,0.708154411482527,0.169106830583475,0.830893169416525,1,2019-09-25 02:59:54
0.769600546246679,0.230399453753322,0.987105654108646,0.0128943458913543,1,2019-09-25 02:59:54
0.877546719735039,0.122453280264961,0.989071804541252,0.0109281954587482,1,2019-09-25 02:59:54
0.222844251145874,0.777155748854126,0.169106830583475,0.830893169416525,1,2019-09-25 02:59:54
0.882998973581842,0.117001026418158,0.989071804541252,0.0109281954587482,1,2019-09-25 02:59:54
0.497537343268399,0.502462656731601,0.169106830583475,0.830893169416525,1,2019-09-25 02:59:54
0.709039192186301,0.290960807813699,0.999970161784152,2.98382158484686e-05,1,2019-09-25 02:59:54
0.575532497258955,0.424467502741045,0.999970161784152,2.98382158484686e-05,1,2019-09-25 02:59:54
0.851298760670886,0.148701239329114,0.988236226278616,0.0117637737213841,1,2019-09-25 02:59:54
0.346769991101253,0.653230008898747,0.987941232371282,0.0120587676287184,1,2019-09-25 02:59:54
0.995479421604198,0.00452057839580152,0.999998578271366,1.42172863365969e-06,1,2019-09-25 02:59:54
0.103650395364338,0.896349604635662,0.169106830583475,0.830893169416525,1,2019-09-25 02:59:54
0.963278635955555,0.0367213640444446,0.99916300000873,0.000836999991269533,1,2019-09-25 02:59:54
0.530199874590831,0.469800125409169,0.169106830583475,0.830893169416525,1,2019-09-25 02:59:54
0.999547987143065,0.000452012856934553,0.999998578271366,1.42172863365969e-06,1,2019-09-25 02:59:54
0.823030231638749,0.176969768361251,0.988236226278616,0.0117637737213841,1,2019-09-25 02:59:54
0.104900395364338,0.895099604635662,0.169106830583475,0.830893169416525,1,2019-09-25 02:59:54
0.537623292855932,0.462376707144068,0.169106830583475,0.830893169416525,1,2019-09-25 02:59:54
0.133742071185288,0.866257928814712,0.169106830583475,0.830893169416525,1,2019-09-25 02:59:54
0.903771129860917,0.0962288701390833,0.989071804541252,0.0109281954587482,1,2019-09-25 02:59:54
0.288159308915434,0.711840691084566,0.180005187826375,0.819994812173625,1,2019-09-25 02:59:54
0.213059416460118,0.786940583539882,0.180005187826375,0.819994812173625,1,2019-09-25 02:59:54
0.624766466619774,0.375233533380226,0.999970161784152,2.98382158484686e-05,1,2019-09-25 02:59:54
0.281854182211507,0.718145817788493,0.169106830583475,0.830893169416525,1,2019-09-25 02:59:54
0.103650395364338,0.896349604635662,0.169106830583475,0.830893169416525,1,2019-09-25 02:59:54
0.897113903463185,0.102886096536815,0.998868006101396,0.00113199389860386,1,2019-09-25 02:59:54
0.999547987143065,0.000452012856934553,0.999998578271366,1.42172863365969e-06,1,2019-09-25 02:59:54
0.663886650072438,0.336113349927562,0.180869182576225,0.819130817423775,1,2019-09-25 02:59:54
0.103650395364338,0.896349604635662,0.169106830583475,0.830893169416525,1,2019-09-25 02:59:54
0.568751258490735,0.431248741509265,0.169106830583475,0.830893169416525,1,2019-09-25 02:59:54
0.900628272718059,0.0993717272819405,0.989071804541252,0.0109281954587482,1,2019-09-25 02:59:54
0.815674234093011,0.184325765906989,0.988236226278616,0.0117637737213841,1,2019-09-25 02:59:54
0.963742921669841,0.0362570783301589,0.99916300000873,0.000836999991269533,1,2019-09-25 02:59:54
0.999547987143065,0.000452012856934553,0.999998578271366,1.42172863365969e-06,1,2019-09-25 02:59:54
0.102508683368919,0.897491316631081,0.169106830583475,0.830893169416525,1,2019-09-25 02:59:54
0.102508683368919,0.897491316631081,0.169106830583475,0.830893169416525,1,2019-09-25 02:59:54
0.987839999739687,0.0121600002603127,0.999970161784152,2.98382158484686e-05,1,2019-09-25 02:59:54
0.900462309179928,0.099537690820072,0.989071804541252,0.0109281954587482,1,2019-09-25 02:59:54
0.535231580860513,0.464768419139487,0.169106830583475,0.830893169416525,1,2019-09-25 02:59:54
0.277285616508673,0.722714383491327,0.169106830583475,0.830893169416525,1,2019-09-25 02:59:54
0.87900011872928,0.12099988127072,0.989071804541252,0.0109281954587482,1,2019-09-25 02:59:54
0.277285616508673,0.722714383491327,0.169106830583475,0.830893169416525,1,2019-09-25 02:59:54
0.999547987143065,0.000452012856934553,0.999998578271366,1.42172863365969e-06,1,2019-09-25 02:59:54
0.138313748842143,0.861686251157857,0.169942408846111,0.830057591153889,1,2019-09-25 02:59:54
0.300201018413776,0.699798981586224,0.169106830583475,0.830893169416525,1,2019-09-25 02:59:54
0.724356353799322,0.275643646200678,0.999134583521516,0.000865416478484342,1,2019-09-25 02:59:54
0.267315916852795,0.732684083147205,0.180005187826375,0.819994812173625,1,2019-09-25 02:59:54
0.85663083897114,0.14336916102886,0.99803242783876,0.00196757216123973,1,2019-09-25 02:59:54
0.103650395364338,0.896349604635662,0.169106830583475,0.830893169416525,1,2019-09-25 02:59:54
0.888996683286967,0.111003316713033,0.989071804541252,0.0109281954587482,1,2019-09-25 02:59:54
0.999547987143065,0.000452012856934553,0.999998578271366,1.42172863365969e-06,1,2019-09-25 02:59:54
0.275572475941825,0.724427524058175,0.169106830583475,0.830893169416525,1,2019-09-25 02:59:54
0.999547987143065,0.000452012856934553,0.999998578271366,1.42172863365969e-06,1,2019-09-25 02:59:54
0.843303341260636,0.156696658739364,0.988236226278616,0.0117637737213841,1,2019-09-25 02:59:54
0.999547987143065,0.000452012856934553,0.999998578271366,1.42172863365969e-06,1,2019-09-25 02:59:54
0.924504199868869,0.0754958001311315,0.99916300000873,0.000836999991269533,1,2019-09-25 02:59:54
0.625990835658308,0.374009164341692,0.998004011351545,0.00199598864845454,1,2019-09-25 02:59:54
0.421015924758703,0.578984075241297,0.987105654108646,0.0128943458913543,1,2019-09-25 02:59:54
0.103650395364338,0.896349604635662,0.169106830583475,0.830893169416525,1,2019-09-25 02:59:54
0.880618484380964,0.119381515619036,0.998868006101396,0.00113199389860386,1,2019-09-25 02:59:54
0.999547987143065,0.000452012856934553,0.999998578271366,1.42172863365969e-06,1,2019-09-25 02:59:54
0.859219499830006,0.140780500169994,0.988236226278616,0.0117637737213841,1,2019-09-25 02:59:54
0.102508683368919,0.897491316631081,0.169106830583475,0.830893169416525,1,2019-09-25 02:59:54
0.611997134461211,0.388002865538789,0.998004011351545,0.00199598864845454,1,2019-09-25 02:59:54
0.869216064387692,0.130783935612308,0.988236226278616,0.0117637737213841,1,2019-09-25 02:59:54
0.902629417865497,0.0973705821345028,0.989071804541252,0.0109281954587482,1,2019-09-25 02:59:54
0.303295295669047,0.696704704330953,0.180005187826375,0.819994812173625,1,2019-09-25 02:59:54
0.102508683368919,0.897491316631081,0.169106830583475,0.830893169416525,1,2019-09-25 02:59:54
0.789658538045402,0.210341461954598,0.99803242783876,0.00196757216123973,1,2019-09-25 02:59:54
0.888996683286967,0.111003316713033,0.989071804541252,0.0109281954587482,1,2019-09-25 02:59:54
0.133742071185288,0.866257928814712,0.169106830583475,0.830893169416525,1,2019-09-25 02:59:54
0.998094588148824,0.0019054118511762,0.999998578271366,1.42172863365969e-06,1,2019-09-25 02:59:54
0.330950604231269,0.669049395768731,0.987105654108646,0.0128943458913543,1,2019-09-25 02:59:54
0.104900395364338,0.895099604635662,0.169106830583475,0.830893169416525,1,2019-09-25 02:59:54
0.103650395364338,0.896349604635662,0.169106830583475,0.830893169416525,1,2019-09-25 02:59:54
0.853191617813743,0.146808382186257,0.988236226278616,0.0117637737213841,1,2019-09-25 02:59:54
0.103650395364338,0.896349604635662,0.169106830583475,0.830893169416525,1,2019-09-25 02:59:54
0.99783370142878,0.00216629857122027,0.999998578271366,1.42172863365969e-06,1,2019-09-25 02:59:54
0.122210364419378,0.877789635580622,0.169106830583475,0.830893169416525,1,2019-09-25 02:59:54
0.999485100418048,0.000514899581952361,0.999998927107878,1.07289212162943e-06,0,2019-09-25 03:01:39
0.999485100418048,0.000514899581952361,0.999998927107878,1.07289212162943e-06,0,2019-09-25 03:01:39
0.999485100418048,0.000514899581952361,0.999998927107878,1.07289212162943e-06,0,2019-09-25 03:01:39
0.999485100418048,0.000514899581952361,0.999998927107878,1.07289212162943e-06,0,2019-09-25 03:01:39
0.999485100418048,0.000514899581952361,0.999998927107878,1.07289212162943e-06,0,2019-09-25 03:01:39
0.999485100418048,0.000514899581952361,0.999998927107878,1.07289212162943e-06,0,2019-09-25 03:01:39
0.999485100418048,0.000514899581952361,0.999998927107878,1.07289212162943e-06,0,2019-09-25 03:01:39
0.999485100418048,0.000514899581952361,0.999998927107878,1.07289212162943e-06,0,2019-09-25 03:01:39
0.999485100418048,0.000514899581952361,0.999998927107878,1.07289212162943e-06,0,2019-09-25 03:01:39
0.999485100418048,0.000514899581952361,0.999998927107878,1.07289212162943e-06,0,2019-09-25 03:01:39
0.999485100418048,0.000514899581952361,0.999998927107878,1.07289212162943e-06,0,2019-09-25 03:01:39
0.999485100418048,0.000514899581952361,0.999998927107878,1.07289212162943e-06,0,2019-09-25 03:01:39
0.999485100418048,0.000514899581952361,0.999998927107878,1.07289212162943e-06,0,2019-09-25 03:01:39
0.999485100418048,0.000514899581952361,0.999998927107878,1.07289212162943e-06,0,2019-09-25 03:01:39
0.999485100418048,0.000514899581952361,0.999998927107878,1.07289212162943e-06,0,2019-09-25 03:01:39
0.999485100418048,0.000514899581952361,0.999998927107878,1.07289212162943e-06,0,2019-09-25 03:01:39
0.999485100418048,0.000514899581952361,0.999998927107878,1.07289212162943e-06,0,2019-09-25 03:01:39
0.999485100418048,0.000514899581952361,0.999998927107878,1.07289212162943e-06,0,2019-09-25 03:01:39
0.999485100418048,0.000514899581952361,0.999998927107878,1.07289212162943e-06,0,2019-09-25 03:01:39
0.999485100418048,0.000514899581952361,0.999998927107878,1.07289212162943e-06,0,2019-09-25 03:01:39
0.999485100418048,0.000514899581952361,0.999998927107878,1.07289212162943e-06,0,2019-09-25 03:01:39
0.999485100418048,0.000514899581952361,0.999998927107878,1.07289212162943e-06,0,2019-09-25 03:01:39
0.999485100418048,0.000514899581952361,0.999998927107878,1.07289212162943e-06,0,2019-09-25 03:01:39
0.999485100418048,0.000514899581952361,0.999998927107878,1.07289212162943e-06,0,2019-09-25 03:01:39
0.999485100418048,0.000514899581952361,0.999998927107878,1.07289212162943e-06,0,2019-09-25 03:01:39
0.999485100418048,0.000514899581952361,0.999998927107878,1.07289212162943e-06,0,2019-09-25 03:01:39
0.999485100418048,0.000514899581952361,0.999998927107878,1.07289212162943e-06,0,2019-09-25 03:01:39
0.999485100418048,0.000514899581952361,0.999998927107878,1.07289212162943e-06,0,2019-09-25 03:01:39
0.999485100418048,0.000514899581952361,0.999998927107878,1.07289212162943e-06,0,2019-09-25 03:01:39
0.999485100418048,0.000514899581952361,0.999998927107878,1.07289212162943e-06,0,2019-09-25 03:01:39
0.999485100418048,0.000514899581952361,0.999998927107878,1.07289212162943e-06,0,2019-09-25 03:01:39
0.999485100418048,0.000514899581952361,0.999998927107878,1.07289212162943e-06,0,2019-09-25 03:01:39
0.999485100418048,0.000514899581952361,0.999998927107878,1.07289212162943e-06,0,2019-09-25 03:01:39
0.999485100418048,0.000514899581952361,0.999998927107878,1.07289212162943e-06,0,2019-09-25 03:01:39
0.999485100418048,0.000514899581952361,0.999998927107878,1.07289212162943e-06,0,2019-09-25 03:01:39
0.999485100418048,0.000514899581952361,0.999998927107878,1.07289212162943e-06,0,2019-09-25 03:01:39
0.999485100418048,0.000514899581952361,0.999998927107878,1.07289212162943e-06,0,2019-09-25 03:01:39
0.999485100418048,0.000514899581952361,0.999998927107878,1.07289212162943e-06,0,2019-09-25 03:01:39
0.999485100418048,0.000514899581952361,0.999998927107878,1.07289212162943e-06,0,2019-09-25 03:01:39
0.999485100418048,0.000514899581952361,0.999998927107878,1.07289212162943e-06,0,2019-09-25 03:01:39
0.999485100418048,0.000514899581952361,0.999998927107878,1.07289212162943e-06,0,2019-09-25 03:01:39
0.999485100418048,0.000514899581952361,0.999998927107878,1.07289212162943e-06,0,2019-09-25 03:01:39
0.999485100418048,0.000514899581952361,0.999998927107878,1.07289212162943e-06,0,2019-09-25 03:01:39
0.999485100418048,0.000514899581952361,0.999998927107878,1.07289212162943e-06,0,2019-09-25 03:01:39
0.999485100418048,0.000514899581952361,0.999998927107878,1.07289212162943e-06,0,2019-09-25 03:01:39
0.999485100418048,0.000514899581952361,0.999998927107878,1.07289212162943e-06,0,2019-09-25 03:01:39
0.999485100418048,0.000514899581952361,0.999998927107878,1.07289212162943e-06,0,2019-09-25 03:01:39
0.999485100418048,0.000514899581952361,0.999998927107878,1.07289212162943e-06,0,2019-09-25 03:01:39
0.999485100418048,0.000514899581952361,0.999998927107878,1.07289212162943e-06,0,2019-09-25 03:01:39
0.999485100418048,0.000514899581952361,0.999998927107878,1.07289212162943e-06,0,2019-09-25 03:01:39
0.999485100418048,0.000514899581952361,0.999998927107878,1.07289212162943e-06,0,2019-09-25 03:01:39
0.999485100418048,0.000514899581952361,0.999998927107878,1.07289212162943e-06,0,2019-09-25 03:01:39
0.999485100418048,0.000514899581952361,0.999998927107878,1.07289212162943e-06,0,2019-09-25 03:01:39
0.999485100418048,0.000514899581952361,0.999998927107878,1.07289212162943e-06,0,2019-09-25 03:01:39
0.999485100418048,0.000514899581952361,0.999998927107878,1.07289212162943e-06,0,2019-09-25 03:01:39
0.999485100418048,0.000514899581952361,0.999998927107878,1.07289212162943e-06,0,2019-09-25 03:01:39
0.999485100418048,0.000514899581952361,0.999998927107878,1.07289212162943e-06,0,2019-09-25 03:01:39
0.999485100418048,0.000514899581952361,0.999998927107878,1.07289212162943e-06,0,2019-09-25 03:01:39
0.999485100418048,0.000514899581952361,0.999998927107878,1.07289212162943e-06,0,2019-09-25 03:01:39
0.999485100418048,0.000514899581952361,0.999998927107878,1.07289212162943e-06,0,2019-09-25 03:01:39
0.999485100418048,0.000514899581952361,0.999998927107878,1.07289212162943e-06,0,2019-09-25 03:01:39
0.999485100418048,0.000514899581952361,0.999998927107878,1.07289212162943e-06,0,2019-09-25 03:01:39
0.999485100418048,0.000514899581952361,0.999998927107878,1.07289212162943e-06,0,2019-09-25 03:01:39
0.999485100418048,0.000514899581952361,0.999998927107878,1.07289212162943e-06,0,2019-09-25 03:01:39
0.999485100418048,0.000514899581952361,0.999998927107878,1.07289212162943e-06,0,2019-09-25 03:01:39
0.999485100418048,0.000514899581952361,0.999998927107878,1.07289212162943e-06,0,2019-09-25 03:01:39
0.999485100418048,0.000514899581952361,0.999998927107878,1.07289212162943e-06,0,2019-09-25 03:01:39
0.999485100418048,0.000514899581952361,0.999998927107878,1.07289212162943e-06,0,2019-09-25 03:01:39
0.999485100418048,0.000514899581952361,0.999998927107878,1.07289212162943e-06,0,2019-09-25 03:01:39
0.999485100418048,0.000514899581952361,0.999998927107878,1.07289212162943e-06,0,2019-09-25 03:01:39
0.999485100418048,0.000514899581952361,0.999998927107878,1.07289212162943e-06,0,2019-09-25 03:01:39
0.999485100418048,0.000514899581952361,0.999998927107878,1.07289212162943e-06,0,2019-09-25 03:01:39
0.999485100418048,0.000514899581952361,0.999998927107878,1.07289212162943e-06,0,2019-09-25 03:01:39
0.999485100418048,0.000514899581952361,0.999998927107878,1.07289212162943e-06,0,2019-09-25 03:01:39
0.999485100418048,0.000514899581952361,0.999998927107878,1.07289212162943e-06,0,2019-09-25 03:01:39
0.999485100418048,0.000514899581952361,0.999998927107878,1.07289212162943e-06,0,2019-09-25 03:01:39
0.999485100418048,0.000514899581952361,0.999998927107878,1.07289212162943e-06,0,2019-09-25 03:01:39
0.999485100418048,0.000514899581952361,0.999998927107878,1.07289212162943e-06,0,2019-09-25 03:01:39
0.999485100418048,0.000514899581952361,0.999998927107878,1.07289212162943e-06,0,2019-09-25 03:01:39
0.999485100418048,0.000514899581952361,0.999998927107878,1.07289212162943e-06,0,2019-09-25 03:01:39
0.999485100418048,0.000514899581952361,0.999998927107878,1.07289212162943e-06,0,2019-09-25 03:01:39
0.999485100418048,0.000514899581952361,0.999998927107878,1.07289212162943e-06,0,2019-09-25 03:01:39
0.999485100418048,0.000514899581952361,0.999998927107878,1.07289212162943e-06,0,2019-09-25 03:01:39
0.999485100418048,0.000514899581952361,0.999998927107878,1.07289212162943e-06,0,2019-09-25 03:01:39
0.999485100418048,0.000514899581952361,0.999998927107878,1.07289212162943e-06,0,2019-09-25 03:01:39
0.999485100418048,0.000514899581952361,0.999998927107878,1.07289212162943e-06,0,2019-09-25 03:01:39
0.999485100418048,0.000514899581952361,0.999998927107878,1.07289212162943e-06,0,2019-09-25 03:01:39
0.999485100418048,0.000514899581952361,0.999998927107878,1.07289212162943e-06,0,2019-09-25 03:01:39
0.999485100418048,0.000514899581952361,0.999998927107878,1.07289212162943e-06,0,2019-09-25 03:01:39
0.999485100418048,0.000514899581952361,0.999998927107878,1.07289212162943e-06,0,2019-09-25 03:01:39
0.999485100418048,0.000514899581952361,0.999998927107878,1.07289212162943e-06,0,2019-09-25 03:01:39
0.999485100418048,0.000514899581952361,0.999998927107878,1.07289212162943e-06,0,2019-09-25 03:01:39
0.999485100418048,0.000514899581952361,0.999998927107878,1.07289212162943e-06,0,2019-09-25 03:01:39
0.999485100418048,0.000514899581952361,0.999998927107878,1.07289212162943e-06,0,2019-09-25 03:01:39
0.999485100418048,0.000514899581952361,0.999998927107878,1.07289212162943e-06,0,2019-09-25 03:01:39
0.999485100418048,0.000514899581952361,0.999998927107878,1.07289212162943e-06,0,2019-09-25 03:01:39
0.999485100418048,0.000514899581952361,0.999998927107878,1.07289212162943e-06,0,2019-09-25 03:01:39
0.999485100418048,0.000514899581952361,0.999998927107878,1.07289212162943e-06,0,2019-09-25 03:01:39
0.999485100418048,0.000514899581952361,0.999998927107878,1.07289212162943e-06,0,2019-09-25 03:01:39
0.999485100418048,0.000514899581952361,0.999998927107878,1.07289212162943e-06,0,2019-09-25 03:01:39
0.438639825729826,0.561360174270174,0.987172421437352,0.0128275785626485,1,2019-09-25 03:01:39
0.704598066229108,0.295401933770892,0.988915729109676,0.0110842708903245,1,2019-09-25 03:01:39
0.438639825729826,0.561360174270174,0.987172421437352,0.0128275785626485,1,2019-09-25 03:01:39
0.866456790602494,0.133543209397506,0.997908162351165,0.00209183764883463,1,2019-09-25 03:01:39
0.553729580259079,0.446270419740921,0.988547172820912,0.011452827179088,1,2019-09-25 03:01:39
0.438639825729826,0.561360174270174,0.987172421437352,0.0128275785626485,1,2019-09-25 03:01:39
0.438639825729826,0.561360174270174,0.987172421437352,0.0128275785626485,1,2019-09-25 03:01:39
0.438639825729826,0.561360174270174,0.987172421437352,0.0128275785626485,1,2019-09-25 03:01:39
0.489655883820032,0.510344116179968,0.987172421437352,0.0128275785626485,1,2019-09-25 03:01:39
0.986636546166688,0.0133634538333122,0.999998927107878,1.07289212162943e-06,1,2019-09-25 03:01:39
0.986636546166688,0.0133634538333122,0.999998927107878,1.07289212162943e-06,1,2019-09-25 03:01:39
0.438639825729826,0.561360174270174,0.987172421437352,0.0128275785626485,1,2019-09-25 03:01:39
0.438639825729826,0.561360174270174,0.987172421437352,0.0128275785626485,1,2019-09-25 03:01:39
0.471485517112591,0.528514482887409,0.987172421437352,0.0128275785626485,1,2019-09-25 03:01:39
0.438639825729826,0.561360174270174,0.987172421437352,0.0128275785626485,1,2019-09-25 03:01:39
0.711740923371965,0.288259076628035,0.988915729109676,0.0110842708903245,1,2019-09-25 03:01:39
0.999485100418048,0.000514899581952361,0.999998927107878,1.07289212162943e-06,1,2019-09-25 03:01:39
0.609031352635,0.390968647365,0.988547172820912,0.011452827179088,1,2019-09-25 03:01:39
0.545161014556245,0.454838985443755,0.988547172820912,0.011452827179088,1,2019-09-25 03:01:39
0.438639825729826,0.561360174270174,0.987172421437352,0.0128275785626485,1,2019-09-25 03:01:39
0.438639825729826,0.561360174270174,0.987172421437352,0.0128275785626485,1,2019-09-25 03:01:39
0.999485100418048,0.000514899581952361,0.999998927107878,1.07289212162943e-06,1,2019-09-25 03:01:39
0.438639825729826,0.561360174270174,0.987172421437352,0.0128275785626485,1,2019-09-25 03:01:39
0.438639825729826,0.561360174270174,0.987172421437352,0.0128275785626485,1,2019-09-25 03:01:39
0.438639825729826,0.561360174270174,0.987172421437352,0.0128275785626485,1,2019-09-25 03:01:39
0.438639825729826,0.561360174270174,0.987172421437352,0.0128275785626485,1,2019-09-25 03:01:39
0.608594954624509,0.391405045375491,0.987623878090257,0.0123761219097431,1,2019-09-25 03:01:39
0.845835368791743,0.154164631208257,0.998624175724318,0.00137582427568211,1,2019-09-25 03:01:39
0.438639825729826,0.561360174270174,0.987172421437352,0.0128275785626485,1,2019-09-25 03:01:39
0.695576796884815,0.304423203115186,0.997373805334118,0.00262619466588188,1,2019-09-25 03:01:39
0.438639825729826,0.561360174270174,0.987172421437352,0.0128275785626485,1,2019-09-25 03:01:39
0.545161014556245,0.454838985443755,0.988547172820912,0.011452827179088,1,2019-09-25 03:01:39
0.999485100418048,0.000514899581952361,0.999998927107878,1.07289212162943e-06,1,2019-09-25 03:01:39
0.598000980201821,0.401999019798179,0.988547172820912,0.011452827179088,1,2019-09-25 03:01:39
0.67588023989706,0.32411976010294,0.998172719071412,0.00182728092858748,1,2019-09-25 03:01:39
0.999485100418048,0.000514899581952361,0.999998927107878,1.07289212162943e-06,1,2019-09-25 03:01:39
0.878681060174509,0.121318939825491,0.998624175724318,0.00137582427568211,1,2019-09-25 03:01:39
0.438639825729826,0.561360174270174,0.987172421437352,0.0128275785626485,1,2019-09-25 03:01:39
0.515199984620926,0.484800015379075,0.98846427245677,0.0115357275432299,1,2019-09-25 03:01:39
0.562837615738534,0.437162384261466,0.996081954314699,0.00391804568530048,1,2019-09-25 03:01:39
0.999485100418048,0.000514899581952361,0.999998927107878,1.07289212162943e-06,1,2019-09-25 03:01:39
0.999485100418048,0.000514899581952361,0.999998927107878,1.07289212162943e-06,1,2019-09-25 03:01:39
0.999485100418048,0.000514899581952361,0.999998927107878,1.07289212162943e-06,1,2019-09-25 03:01:39
0.471485517112591,0.528514482887409,0.987172421437352,0.0128275785626485,1,2019-09-25 03:01:39
0.438639825729826,0.561360174270174,0.987172421437352,0.0128275785626485,1,2019-09-25 03:01:39
0.438639825729826,0.561360174270174,0.987172421437352,0.0128275785626485,1,2019-09-25 03:01:39
0.908678197305914,0.0913218026940855,0.999916026743736,8.39732562635071e-05,1,2019-09-25 03:01:39
0.471485517112591,0.528514482887409,0.987172421437352,0.0128275785626485,1,2019-09-25 03:01:39
0.762244686250813,0.237755313749187,0.988998629473817,0.0110013705261826,1,2019-09-25 03:01:39
0.999485100418048,0.000514899581952361,0.999998927107878,1.07289212162943e-06,1,2019-09-25 03:01:39
0.70690488659305,0.29309511340695,0.998172719071412,0.00182728092858748,1,2019-09-25 03:01:39
0.999485100418048,0.000514899581952361,0.999998927107878,1.07289212162943e-06,1,2019-09-25 03:01:39
0.438639825729826,0.561360174270174,0.987172421437352,0.0128275785626485,1,2019-09-25 03:01:39
0.548557627190009,0.451442372809991,0.996081954314699,0.00391804568530048,1,2019-09-25 03:01:39
0.687924507399193,0.312075492600807,0.99745670569826,0.00254329430174001,1,2019-09-25 03:01:39
0.730544717340418,0.269455282659582,0.988998629473817,0.0110013705261826,1,2019-09-25 03:01:39
0.999485100418048,0.000514899581952361,0.999998927107878,1.07289212162943e-06,1,2019-09-25 03:01:39
0.471485517112591,0.528514482887409,0.987172421437352,0.0128275785626485,1,2019-09-25 03:01:39
0.759929876038886,0.240070123961114,0.996533410967605,0.00346658903239511,1,2019-09-25 03:01:39
0.438639825729826,0.561360174270174,0.987172421437352,0.0128275785626485,1,2019-09-25 03:01:39
0.519477110300857,0.480522889699143,0.987172421437352,0.0128275785626485,1,2019-09-25 03:01:39
0.762244686250813,0.237755313749187,0.988998629473817,0.0110013705261826,1,2019-09-25 03:01:39
0.999485100418048,0.000514899581952361,0.999998927107878,1.07289212162943e-06,1,2019-09-25 03:01:39
0.801312104724279,0.198687895275721,0.999464570090831,0.000535429909168883,1,2019-09-25 03:01:39
0.999485100418048,0.000514899581952361,0.999998927107878,1.07289212162943e-06,1,2019-09-25 03:01:39
0.742259000593785,0.257740999406215,0.988998629473817,0.0110013705261826,1,2019-09-25 03:01:39
0.724493254896076,0.275506745103924,0.99745670569826,0.00254329430174001,1,2019-09-25 03:01:39
0.747213759944869,0.252786240055131,0.998172719071412,0.00182728092858748,1,2019-09-25 03:01:39
0.762244686250813,0.237755313749187,0.988998629473817,0.0110013705261826,1,2019-09-25 03:01:39
0.469664472425815,0.530335527574185,0.987172421437352,0.0128275785626485,1,2019-09-25 03:01:39
0.471485517112591,0.528514482887409,0.987172421437352,0.0128275785626485,1,2019-09-25 03:01:39
0.867740135616932,0.132259864383068,0.998624175724318,0.00137582427568211,1,2019-09-25 03:01:39
0.438639825729826,0.561360174270174,0.987172421437352,0.0128275785626485,1,2019-09-25 03:01:39
0.731014690228183,0.268985309771817,0.998172719071412,0.00182728092858748,1,2019-09-25 03:01:39
0.438639825729826,0.561360174270174,0.987172421437352,0.0128275785626485,1,2019-09-25 03:01:39
0.993779403309545,0.00622059669045508,0.999998927107878,1.07289212162943e-06,1,2019-09-25 03:01:39
0.475375895271506,0.524624104728494,0.987172421437352,0.0128275785626485,1,2019-09-25 03:01:39
0.762250411988002,0.237749588011998,0.988998629473817,0.0110013705261826,1,2019-09-25 03:01:39
0.438639825729826,0.561360174270174,0.987172421437352,0.0128275785626485,1,2019-09-25 03:01:39
0.4809199960724,0.5190800039276,0.987172421437352,0.0128275785626485,1,2019-09-25 03:01:39
0.438639825729826,0.561360174270174,0.987172421437352,0.0128275785626485,1,2019-09-25 03:01:39
0.438639825729826,0.561360174270174,0.987172421437352,0.0128275785626485,1,2019-09-25 03:01:39
0.438639825729826,0.561360174270174,0.987172421437352,0.0128275785626485,1,2019-09-25 03:01:39
0.756530400536528,0.243469599463472,0.988998629473817,0.0110013705261826,1,2019-09-25 03:01:39
0.438639825729826,0.561360174270174,0.987172421437352,0.0128275785626485,1,2019-09-25 03:01:39
0.999485100418048,0.000514899581952361,0.999998927107878,1.07289212162943e-06,1,2019-09-25 03:01:39
0.999485100418048,0.000514899581952361,0.999998927107878,1.07289212162943e-06,1,2019-09-25 03:01:39
0.438639825729826,0.561360174270174,0.987172421437352,0.0128275785626485,1,2019-09-25 03:01:39
0.438639825729826,0.561360174270174,0.987172421437352,0.0128275785626485,1,2019-09-25 03:01:39
0.545161014556245,0.454838985443755,0.988547172820912,0.011452827179088,1,2019-09-25 03:01:39
0.623683488915349,0.376316511084651,0.996081954314699,0.00391804568530048,1,2019-09-25 03:01:39
0.438639825729826,0.561360174270174,0.987172421437352,0.0128275785626485,1,2019-09-25 03:01:39
0.747967560570882,0.252032439429118,0.988998629473817,0.0110013705261826,1,2019-09-25 03:01:39
0.999485100418048,0.000514899581952361,0.999998927107878,1.07289212162943e-06,1,2019-09-25 03:01:39
0.438639825729826,0.561360174270174,0.987172421437352,0.0128275785626485,1,2019-09-25 03:01:39
0.608594954624509,0.391405045375491,0.987623878090257,0.0123761219097431,1,2019-09-25 03:01:39
0.993779403309545,0.00622059669045508,0.999998927107878,1.07289212162943e-06,1,2019-09-25 03:01:39
0.438639825729826,0.561360174270174,0.987172421437352,0.0128275785626485,1,2019-09-25 03:01:39
0.438639825729826,0.561360174270174,0.987172421437352,0.0128275785626485,1,2019-09-25 03:01:39
0.48005694568402,0.51994305431598,0.987172421437352,0.0128275785626485,1,2019-09-25 03:01:39
