reg_1,reg_0,frw_1,frw_0,true,ID
0.831238743344632,0.168761256655368,0.799916787467761,0.200083212532239,1,2019-09-21 21:25:30
0.750982459960183,0.249017540039817,0.71854433159827,0.28145566840173,1,2019-09-21 21:25:30
0.727264137987041,0.272735862012959,0.720581420867968,0.279418579132032,1,2019-09-21 21:25:30
0.194666483318759,0.805333516681241,0.131541806927809,0.868458193072191,0,2019-09-21 21:25:30
0.549227393574078,0.450772606425922,0.531989509782104,0.468010490217896,1,2019-09-21 21:25:30
0.437913178752054,0.562086821247946,0.462586961744912,0.537413038255088,0,2019-09-21 21:25:30
0.448666060144299,0.551333939855701,0.47535792182446,0.52464207817554,0,2019-09-21 21:25:30
0.215377728025298,0.784622271974702,0.16565488299849,0.83434511700151,0,2019-09-21 21:25:30
0.1794377108404,0.8205622891596,0.134069744946719,0.865930255053281,0,2019-09-21 21:25:30
0.589439474121743,0.410560525878257,0.572022558153453,0.427977441846547,1,2019-09-21 21:25:30
0.840405154992056,0.159594845007944,0.810376432629003,0.189623567370997,1,2019-09-21 21:25:30
0.189982575272782,0.810017424727218,0.135418729253116,0.864581270746884,0,2019-09-21 21:25:30
0.711425420620073,0.288574579379927,0.721781643015154,0.278218356984846,1,2019-09-21 21:25:30
0.201545498299814,0.798454501700186,0.18229786756691,0.81770213243309,0,2019-09-21 21:25:30
0.222898384201594,0.777101615798406,0.210301057483328,0.789698942516672,0,2019-09-21 21:25:30
0.176977585565959,0.823022414434041,0.144688692088381,0.855311307911619,0,2019-09-21 21:25:30
0.60949187031898,0.39050812968102,0.572523964062998,0.427476035937002,1,2019-09-21 21:25:30
0.268670486009078,0.731329513990922,0.237727556983894,0.762272443016106,1,2019-09-21 21:25:30
0.15848876315321,0.84151123684679,0.125951451647924,0.874048548352076,0,2019-09-21 21:25:30
0.234251874317437,0.765748125682562,0.195489733984352,0.804510266015648,0,2019-09-21 21:25:30
0.379881037585197,0.620118962414803,0.35139077777036,0.64860922222964,0,2019-09-21 21:25:30
0.228984294559605,0.771015705440395,0.187888222846795,0.812111777153205,0,2019-09-21 21:25:30
0.251817981947771,0.748182018052229,0.186880136536859,0.813119863463141,1,2019-09-21 21:25:30
0.82787178553972,0.17212821446028,0.800859725545333,0.199140274454667,1,2019-09-21 21:25:30
0.569721624935421,0.430278375064579,0.576519472679992,0.423480527320008,1,2019-09-21 21:25:30
0.841222299643405,0.158777700356594,0.811414419030829,0.188585580969171,1,2019-09-21 21:25:30
0.26166877629046,0.73833122370954,0.224212175327563,0.775787824672437,1,2019-09-21 21:25:30
0.165202741291622,0.834797258708379,0.125951451647924,0.874048548352076,0,2019-09-21 21:25:30
0.165484051301089,0.834515948698911,0.13269347646428,0.86730652353572,0,2019-09-21 21:25:30
0.447498703694367,0.552501296305633,0.489549589672441,0.510450410327559,0,2019-09-21 21:25:30
0.185881315299334,0.814118684700666,0.144140074606353,0.855859925393647,0,2019-09-21 21:25:30
0.763681681805873,0.236318318194127,0.724303345335759,0.275696654664241,1,2019-09-21 21:25:30
0.581635755024134,0.418364244975866,0.617028984469784,0.382971015530216,1,2019-09-21 21:25:30
0.73633865017534,0.26366134982466,0.70201054907638,0.29798945092362,1,2019-09-21 21:25:30
0.223389579509036,0.776610420490964,0.197254181598738,0.802745818401262,0,2019-09-21 21:25:30
0.425218724639797,0.574781275360203,0.415123963556391,0.584876036443609,0,2019-09-21 21:25:30
0.79109634690209,0.20890365309791,0.789917342694237,0.210082657305763,1,2019-09-21 21:25:30
0.247630870861883,0.752369129138117,0.192480806633512,0.807519193366488,0,2019-09-21 21:25:30
0.808699705031129,0.191300294968871,0.801866225857773,0.198133774142227,1,2019-09-21 21:25:30
0.210495428426161,0.789504571573839,0.174987774745095,0.825012225254905,0,2019-09-21 21:25:30
0.497516501444292,0.502483498555708,0.508644605200408,0.491355394799592,0,2019-09-21 21:25:30
0.15848876315321,0.84151123684679,0.125951451647924,0.874048548352076,0,2019-09-21 21:25:30
0.277886599094314,0.722113400905686,0.243640696545499,0.756359303454501,0,2019-09-21 21:25:30
0.165202741291622,0.834797258708379,0.125951451647924,0.874048548352076,0,2019-09-21 21:25:30
0.656363279249327,0.343636720750673,0.61941456581165,0.38058543418835,1,2019-09-21 21:25:30
0.206317003676158,0.793682996323842,0.186887615751197,0.813112384248803,0,2019-09-21 21:25:30
0.673155033224477,0.326844966775523,0.64606297333684,0.353937026663159,1,2019-09-21 21:25:30
0.16080656482585,0.83919343517415,0.13269347646428,0.86730652353572,1,2019-09-21 21:25:30
0.15848876315321,0.84151123684679,0.125951451647924,0.874048548352076,0,2019-09-21 21:25:30
0.163172671199187,0.836827328800813,0.125951451647924,0.874048548352076,0,2019-09-21 21:25:30
0.557315590527237,0.442684409472763,0.538831449047136,0.461168550952864,0,2019-09-21 21:25:30
0.410551260295046,0.589448739704954,0.409220211215012,0.590779788784988,0,2019-09-21 21:25:30
0.335143040792437,0.664856959207563,0.326904510192064,0.673095489807937,1,2019-09-21 21:25:30
0.672147366704228,0.327852633295772,0.619882179143644,0.380117820856356,1,2019-09-21 21:25:30
0.530813306751309,0.469186693248691,0.566667399957588,0.433332600042412,1,2019-09-21 21:25:30
0.215833612605115,0.784166387394885,0.183673404238515,0.816326595761485,0,2019-09-21 21:25:30
0.53822761802023,0.46177238197977,0.541746248535858,0.458253751464142,0,2019-09-21 21:25:30
0.516704332943813,0.483295667056187,0.515329589349932,0.484670410650068,1,2019-09-21 21:25:30
0.634614828857694,0.365385171142306,0.599143760393875,0.400856239606125,1,2019-09-21 21:25:30
0.860437953715072,0.139562046284928,0.816280184970383,0.183719815029617,1,2019-09-21 21:25:30
0.625404918811428,0.374595081188572,0.492789421272827,0.507210578727173,1,2019-09-21 21:25:30
0.486276295756442,0.513723704243558,0.375356522520045,0.624643477479955,1,2019-09-21 21:25:30
0.165357863028939,0.834642136971061,0.129479996762432,0.870520003237568,0,2019-09-21 21:25:30
0.855597044624163,0.144402955375837,0.816280184970383,0.183719815029617,1,2019-09-21 21:25:30
0.818975939193978,0.181024060806022,0.787946325287941,0.212053674712059,1,2019-09-21 21:25:30
0.165484051301089,0.834515948698911,0.13269347646428,0.86730652353572,0,2019-09-21 21:25:30
0.15848876315321,0.84151123684679,0.125951451647924,0.874048548352076,0,2019-09-21 21:25:30
0.717663417647731,0.282336582352269,0.735119422892546,0.264880577107454,1,2019-09-21 21:25:30
0.26166877629046,0.73833122370954,0.237727556983894,0.762272443016106,1,2019-09-21 21:25:30
0.210495428426161,0.789504571573839,0.16821441790512,0.83178558209488,0,2019-09-21 21:25:30
0.391880409092103,0.608119590907897,0.325070522736313,0.674929477263687,1,2019-09-21 21:25:30
0.367224553998559,0.632775446001441,0.34777176618916,0.65222823381084,0,2019-09-21 21:25:30
0.218628083924454,0.781371916075546,0.212550061842908,0.787449938157092,0,2019-09-21 21:25:30
0.631871942860004,0.368128057139996,0.545595773289044,0.454404226710956,1,2019-09-21 21:25:30
0.163172671199187,0.836827328800813,0.125951451647924,0.874048548352076,0,2019-09-21 21:25:30
0.16080656482585,0.83919343517415,0.13269347646428,0.86730652353572,0,2019-09-21 21:25:30
0.421086356927983,0.578913643072017,0.339318893903112,0.660681106096888,0,2019-09-21 21:25:30
0.506558539130843,0.493441460869157,0.5098871184213,0.490112881578701,1,2019-09-21 21:25:30
0.659484236061229,0.340515763938771,0.67413370758436,0.32586629241564,1,2019-09-21 21:25:30
0.209377728025298,0.790622271974702,0.174924845833756,0.825075154166244,0,2019-09-21 21:25:30
0.732785480997114,0.267214519002886,0.651977135323516,0.348022864676484,0,2019-09-21 21:25:30
0.170167959347066,0.829832040652934,0.128013261813301,0.871986738186699,0,2019-09-21 21:25:30
0.274171977176438,0.725828022823562,0.192480806633512,0.807519193366488,0,2019-09-21 21:25:30
0.37041551055121,0.62958448944879,0.255027816600075,0.744972183399925,0,2019-09-21 21:25:30
0.216019274534102,0.783980725465898,0.188560514973793,0.811439485026207,1,2019-09-21 21:25:30
0.15848876315321,0.84151123684679,0.125951451647924,0.874048548352076,0,2019-09-21 21:25:30
0.74752517061448,0.25247482938552,0.664652543512608,0.335347456487392,1,2019-09-21 21:25:30
0.486702457172816,0.513297542827185,0.544442097603176,0.455557902396824,1,2019-09-21 21:25:30
0.807882560379779,0.19211743962022,0.800828239455947,0.199171760544053,1,2019-09-21 21:25:30
0.855597044624163,0.144402955375837,0.816280184970383,0.183719815029617,1,2019-09-21 21:25:30
0.215980683592319,0.784019316407681,0.188263152422802,0.811736847577198,1,2019-09-21 21:25:30
0.529373089205104,0.470626910794896,0.564157584854299,0.4358424151457,1,2019-09-21 21:25:30
0.682623514695742,0.317376485304258,0.632238841426524,0.367761158573476,1,2019-09-21 21:25:30
0.744296784595053,0.255703215404947,0.699965504085899,0.300034495914101,1,2019-09-21 21:25:30
0.433802638326296,0.566197361673704,0.456683209403532,0.543316790596468,0,2019-09-21 21:25:30
0.170041771074916,0.829958228925084,0.129479996762432,0.870520003237568,0,2019-09-21 21:25:30
0.790629818396025,0.209370181603975,0.795962473516393,0.204037526483607,1,2019-09-21 21:25:30
0.15848876315321,0.84151123684679,0.125951451647924,0.874048548352076,0,2019-09-21 21:25:30
0.726546803780582,0.273453196219418,0.682028127629538,0.317971872370462,1,2019-09-21 21:25:30
0.842740111702013,0.157259888297987,0.810376432629003,0.189623567370997,1,2019-09-21 21:25:30
0.138009399758973,0.861990600241027,0.139594080516259,0.860405919483741,0,2019-09-21 21:28:34
0.322100543157971,0.677899456842029,0.347665523151925,0.652334476848075,0,2019-09-21 21:28:34
0.798036979096016,0.201963020903984,0.797528470002055,0.202471529997945,1,2019-09-21 21:28:34
0.594521388858035,0.405478611141965,0.546090527263911,0.453909472736089,1,2019-09-21 21:28:34
0.345380680645216,0.654619319354784,0.321127590303167,0.678872409696833,0,2019-09-21 21:28:34
0.326494054324739,0.673505945675261,0.288713503516097,0.711286496483903,0,2019-09-21 21:28:34
0.210302566270248,0.789697433729752,0.201273041377914,0.798726958622086,1,2019-09-21 21:28:34
0.624182048374713,0.375817951625287,0.559898362059846,0.440101637940154,1,2019-09-21 21:28:34
0.53924581943137,0.46075418056863,0.500767014310481,0.499232985689519,0,2019-09-21 21:28:34
0.552906870902602,0.447093129097398,0.560497245657866,0.439502754342134,0,2019-09-21 21:28:34
0.276442547302811,0.723557452697189,0.317094829902833,0.682905170097167,0,2019-09-21 21:28:34
0.838029078331188,0.161970921668812,0.830771461604465,0.169228538395535,1,2019-09-21 21:28:34
0.495257766903133,0.504742233096867,0.462581248205369,0.537418751794631,0,2019-09-21 21:28:34
0.289726395531693,0.710273604468307,0.321600042739044,0.678399957260956,1,2019-09-21 21:28:34
0.732434942715898,0.267565057284102,0.709747012087157,0.290252987912843,1,2019-09-21 21:28:34
0.441717411551758,0.558282588448242,0.414949984721959,0.585050015278041,0,2019-09-21 21:28:34
0.597736813537313,0.402263186462687,0.590406960952129,0.409593039047871,0,2019-09-21 21:28:34
0.13212397494348,0.867876025056521,0.138867909067035,0.861132090932965,0,2019-09-21 21:28:34
0.829310609076618,0.170689390923382,0.824290498935178,0.175709501064822,1,2019-09-21 21:28:34
0.868125408424107,0.131874591575893,0.856355009778252,0.143644990221748,1,2019-09-21 21:28:34
0.573366393698346,0.426633606301654,0.531583299762385,0.468416700237615,0,2019-09-21 21:28:34
0.701948798197559,0.298051201802441,0.663051744091096,0.336948255908904,1,2019-09-21 21:28:34
0.868052506678962,0.131947493321037,0.855085530959555,0.144914469040445,1,2019-09-21 21:28:34
0.403618208881983,0.596381791118017,0.371194732936876,0.628805267063124,0,2019-09-21 21:28:34
0.755292097191117,0.244707902808883,0.700827251457739,0.299172748542261,1,2019-09-21 21:28:34
0.267118491247758,0.732881508752242,0.23480600859045,0.76519399140955,1,2019-09-21 21:28:34
0.739818145043474,0.260181854956526,0.761037040997414,0.238962959002586,1,2019-09-21 21:28:34
0.167008963700636,0.832991036299364,0.169769693976965,0.830230306023035,0,2019-09-21 21:28:34
0.54077749305915,0.459222506940849,0.483907997193407,0.516092002806593,0,2019-09-21 21:28:34
0.134450824515788,0.865549175484212,0.139442743800673,0.860557256199327,0,2019-09-21 21:28:34
0.688529659038317,0.311470340961683,0.67702295609857,0.32297704390143,1,2019-09-21 21:28:34
0.451748614241771,0.548251385758229,0.431093615686501,0.568906384313499,0,2019-09-21 21:28:34
0.360381306814511,0.639618693185489,0.381803624822182,0.618196375177818,0,2019-09-21 21:28:34
0.468374760377401,0.531625239622599,0.420749493673475,0.579250506326525,1,2019-09-21 21:28:34
0.133320094139599,0.866679905860401,0.140101768370016,0.859898231629984,0,2019-09-21 21:28:34
0.132979589916742,0.867020410083258,0.138867909067035,0.861132090932965,0,2019-09-21 21:28:34
0.382896727828133,0.617103272171867,0.428720449356587,0.571279550643413,0,2019-09-21 21:28:34
0.713584862219845,0.286415137780155,0.733918435502291,0.266081564497709,1,2019-09-21 21:28:34
0.266149689425645,0.733850310574355,0.302475330817079,0.697524669182921,0,2019-09-21 21:28:34
0.13212397494348,0.867876025056521,0.141616726139282,0.858383273860718,0,2019-09-21 21:28:34
0.514801639937678,0.485198360062322,0.490500742555386,0.509499257444614,0,2019-09-21 21:28:34
0.70216704276412,0.29783295723588,0.624836591125654,0.375163408874346,1,2019-09-21 21:28:34
0.380177768824446,0.619822231175554,0.359694867080945,0.640305132919055,0,2019-09-21 21:28:34
0.147734456346073,0.852265543653926,0.153691769701607,0.846308230298393,0,2019-09-21 21:28:34
0.776864463273006,0.223135536726994,0.776976209478246,0.223023790521754,1,2019-09-21 21:28:34
0.756757233259031,0.243242766740969,0.726623574578318,0.273376425421682,1,2019-09-21 21:28:34
0.40505977382649,0.59494022617351,0.373972725489107,0.626027274510893,0,2019-09-21 21:28:34
0.167917453713736,0.832082546286264,0.164117782047301,0.835882217952699,0,2019-09-21 21:28:34
0.388762393015545,0.611237606984455,0.374441307777454,0.625558692222546,1,2019-09-21 21:28:34
0.133320094139599,0.866679905860401,0.140101768370016,0.859898231629984,0,2019-09-21 21:28:34
0.406011117639241,0.593988882360759,0.438194666408994,0.561805333591006,0,2019-09-21 21:28:34
0.833293173278507,0.166706826721493,0.82771098005464,0.17228901994536,1,2019-09-21 21:28:34
0.54857324195079,0.45142675804921,0.543993172020223,0.456006827979777,1,2019-09-21 21:28:34
0.775956048263915,0.224043951736085,0.788750695476322,0.211249304523678,1,2019-09-21 21:28:34
0.374271879935312,0.625728120064688,0.358461007777964,0.641538992222036,0,2019-09-21 21:28:34
0.623950339024507,0.376049660975493,0.635377717894056,0.364622282105944,1,2019-09-21 21:28:34
0.158010122079353,0.841989877920647,0.152122189004625,0.847877810995375,0,2019-09-21 21:28:34
0.479726600475774,0.520273399524226,0.446680877675587,0.553319122324412,0,2019-09-21 21:28:34
0.132979589916742,0.867020410083258,0.138867909067035,0.861132090932965,0,2019-09-21 21:28:34
0.448981128649154,0.551018871350846,0.417439442940504,0.582560557059496,0,2019-09-21 21:28:34
0.550423462681162,0.449576537318838,0.553644564842106,0.446355435157894,1,2019-09-21 21:28:34
0.393842861663682,0.606157138336318,0.397418039012615,0.602581960987385,1,2019-09-21 21:28:34
0.715544182414453,0.284455817585548,0.728806181082041,0.271193818917959,0,2019-09-21 21:28:34
0.499565610031141,0.500434389968859,0.47389703882136,0.52610296117864,0,2019-09-21 21:28:34
0.813127002774252,0.186872997225748,0.81601622545466,0.18398377454534,1,2019-09-21 21:28:34
0.564750576595881,0.435249423404119,0.512435959268174,0.487564040731826,0,2019-09-21 21:28:34
0.49176441173181,0.50823558826819,0.456375083163248,0.543624916836752,0,2019-09-21 21:28:34
0.507117957102813,0.492882042897187,0.470757961174634,0.529242038825366,1,2019-09-21 21:28:34
0.13212397494348,0.867876025056521,0.138867909067035,0.861132090932965,0,2019-09-21 21:28:34
0.621203409524406,0.378796590475594,0.605211013312472,0.394788986687528,1,2019-09-21 21:28:34
0.529772744797714,0.470227255202286,0.512853618253643,0.487146381746357,0,2019-09-21 21:28:34
0.336320637247296,0.663679362752704,0.351240196905411,0.648759803094589,0,2019-09-21 21:28:34
0.140539289100181,0.859460710899819,0.141395650952868,0.858604349047132,0,2019-09-21 21:28:34
0.287763850130348,0.712236149869652,0.321597940564282,0.678402059435718,0,2019-09-21 21:28:34
0.468251045741211,0.531748954258789,0.459262821816242,0.540737178183758,0,2019-09-21 21:28:34
0.734099564297188,0.265900435702812,0.74275750380314,0.25724249619686,1,2019-09-21 21:28:34
0.139251325793508,0.860748674206492,0.145350073184682,0.854649926815318,0,2019-09-21 21:28:34
0.449957238508983,0.550042761491017,0.406262995616859,0.593737004383141,1,2019-09-21 21:28:34
0.209170263009185,0.790829736990815,0.195399271700262,0.804600728299738,0,2019-09-21 21:28:34
0.781334325030748,0.218665674969252,0.791064017067309,0.208935982932691,1,2019-09-21 21:28:34
0.444662548634747,0.555337451365253,0.417928906346965,0.582071093653035,0,2019-09-21 21:28:34
0.134903608833872,0.865096391166128,0.138867909067035,0.861132090932965,0,2019-09-21 21:28:34
0.867229351076437,0.132770648923563,0.856355009778252,0.143644990221748,1,2019-09-21 21:28:34
0.133448804445879,0.866551195554121,0.139594080516259,0.860405919483741,0,2019-09-21 21:28:34
0.638462366040064,0.361537633959936,0.626392797642959,0.373607202357041,1,2019-09-21 21:28:34
0.140755053513821,0.859244946486179,0.145350073184682,0.854649926815318,0,2019-09-21 21:28:34
0.756519821435627,0.243480178564373,0.777502243738913,0.222497756261087,1,2019-09-21 21:28:34
0.22427291607007,0.77572708392993,0.212252144469984,0.787747855530016,0,2019-09-21 21:28:34
0.633827592114983,0.366172407885017,0.616402407851663,0.383597592148337,0,2019-09-21 21:28:34
0.674187174802054,0.325812825197946,0.692750180921892,0.307249819078108,0,2019-09-21 21:28:34
0.156353894349942,0.843646105650058,0.160877842306743,0.839122157693257,0,2019-09-21 21:28:34
0.13212397494348,0.867876025056521,0.138867909067035,0.861132090932965,0,2019-09-21 21:28:34
0.473770282845179,0.526229717154821,0.47463463354407,0.52536536645593,0,2019-09-21 21:28:34
0.504319935839968,0.495680064160031,0.46972572640757,0.53027427359243,1,2019-09-21 21:28:34
0.40248688998323,0.59751311001677,0.386106924013657,0.613893075986343,0,2019-09-21 21:28:34
0.852741332929699,0.147258667070301,0.843112667075064,0.156887332924936,1,2019-09-21 21:28:34
0.139011419828882,0.860988580171118,0.139442743800673,0.860557256199327,0,2019-09-21 21:28:34
0.632401391278252,0.367598608721748,0.634258092591739,0.365741907408261,1,2019-09-21 21:28:34
0.862006430864547,0.137993569135453,0.84760960750162,0.15239039249838,1,2019-09-21 21:28:34
0.132979589916742,0.867020410083258,0.138867909067035,0.861132090932965,0,2019-09-21 21:28:34
0.544072696153615,0.455927303846385,0.490624047676709,0.509375952323291,1,2019-09-21 21:29:11
0.793968540469688,0.206031459530312,0.808239488077444,0.191760511922556,1,2019-09-21 21:29:11
0.752508953052254,0.247491046947746,0.753483807890693,0.246516192109307,1,2019-09-21 21:29:11
0.715806433672251,0.284193566327749,0.703361005293344,0.296638994706656,0,2019-09-21 21:29:11
0.561499322817379,0.438500677182621,0.563383770364822,0.436616229635178,1,2019-09-21 21:29:11
0.466898787691392,0.533101212308608,0.510193008002102,0.489806991997898,0,2019-09-21 21:29:11
0.172039570920618,0.827960429079381,0.170966264153366,0.829033735846634,0,2019-09-21 21:29:11
0.206122929723764,0.793877070276236,0.192737323576151,0.807262676423849,0,2019-09-21 21:29:11
0.174853911509607,0.825146088490393,0.181970063571497,0.818029936428503,0,2019-09-21 21:29:11
0.434787006624322,0.565212993375678,0.402349256162913,0.597650743837087,0,2019-09-21 21:29:11
0.783719523268716,0.216280476731284,0.779876004435266,0.220123995564734,1,2019-09-21 21:29:11
0.714166669336469,0.285833330663531,0.740028510547908,0.259971489452092,0,2019-09-21 21:29:11
0.368278678969038,0.631721321030962,0.339134912729038,0.660865087270962,0,2019-09-21 21:29:11
0.208937270312752,0.791062729687248,0.197978016804149,0.802021983195851,0,2019-09-21 21:29:11
0.61708141740931,0.382918582590691,0.649359890761909,0.350640109238091,1,2019-09-21 21:29:11
0.284532882485382,0.715467117514618,0.225170599424304,0.774829400575696,0,2019-09-21 21:29:11
0.286913207509576,0.713086792490424,0.293212518692063,0.706787481307937,0,2019-09-21 21:29:11
0.174853911509607,0.825146088490393,0.176724293219791,0.823275706780209,0,2019-09-21 21:29:11
0.73563248754928,0.26436751245072,0.743887661203629,0.256112338796371,0,2019-09-21 21:29:11
0.476691416572745,0.523308583427255,0.444420813040531,0.555579186959469,1,2019-09-21 21:29:11
0.285894669159703,0.714105330840297,0.281759653290325,0.718240346709675,0,2019-09-21 21:29:11
0.375099801752812,0.624900198247188,0.339835002807982,0.660164997192018,0,2019-09-21 21:29:11
0.172039570920618,0.827960429079381,0.175477442471267,0.824522557528733,0,2019-09-21 21:29:11
0.793968540469688,0.206031459530312,0.808239488077444,0.191760511922556,1,2019-09-21 21:29:11
0.267982374285096,0.732017625714904,0.22445880962209,0.77554119037791,0,2019-09-21 21:29:11
0.260447916701057,0.739552083298943,0.203392306441531,0.796607693558469,0,2019-09-21 21:29:11
0.172039570920618,0.827960429079381,0.175477442471267,0.824522557528733,0,2019-09-21 21:29:11
0.172039570920618,0.827960429079381,0.170966264153366,0.829033735846634,0,2019-09-21 21:29:11
0.206064481726068,0.793935518273932,0.190421559123738,0.809578440876262,0,2019-09-21 21:29:11
0.583649868396569,0.416350131603431,0.631775274690344,0.368224725309656,0,2019-09-21 21:29:11
0.774441102573846,0.225558897426154,0.778793558176038,0.221206441823962,1,2019-09-21 21:29:11
0.793275980164945,0.206724019835055,0.787500432023573,0.212499567976427,1,2019-09-21 21:29:11
0.368278678969038,0.631721321030962,0.33158667837034,0.66841332162966,0,2019-09-21 21:29:11
0.452371313634685,0.547628686365315,0.45390661484219,0.54609338515781,0,2019-09-21 21:29:11
0.76796408255902,0.23203591744098,0.778793558176038,0.221206441823962,1,2019-09-21 21:29:11
0.817124988950877,0.182875011049123,0.810394405538251,0.189605594461749,1,2019-09-21 21:29:11
0.750261375025301,0.249738624974699,0.762019494474012,0.237980505525988,1,2019-09-21 21:29:11
0.783719523268716,0.216280476731284,0.774222863944564,0.225777136055436,1,2019-09-21 21:29:11
0.182496185562016,0.817503814437984,0.176661100488678,0.823338899511322,0,2019-09-21 21:29:11
0.801702915469688,0.198297084530312,0.808239488077444,0.191760511922556,1,2019-09-21 21:29:11
0.775152277913159,0.224847722086841,0.787500432023573,0.212499567976427,1,2019-09-21 21:29:11
0.233023499639369,0.76697650036063,0.209259573837098,0.790740426162902,0,2019-09-21 21:29:11
0.783719523268716,0.216280476731284,0.779876004435266,0.220123995564734,1,2019-09-21 21:29:11
0.293536943212112,0.706463056787888,0.293212518692063,0.706787481307937,1,2019-09-21 21:29:11
0.172039570920618,0.827960429079381,0.170966264153366,0.829033735846634,0,2019-09-21 21:29:11
0.817124988950877,0.182875011049123,0.810394405538251,0.189605594461749,1,2019-09-21 21:29:11
0.172039570920618,0.827960429079381,0.170966264153366,0.829033735846634,0,2019-09-21 21:29:11
0.401736827212453,0.598263172787547,0.338544277489186,0.661455722510814,0,2019-09-21 21:29:11
0.174853911509607,0.825146088490393,0.176724293219791,0.823275706780209,0,2019-09-21 21:29:11
0.783719523268716,0.216280476731284,0.790189121332605,0.209810878667395,1,2019-09-21 21:29:11
0.204670514480102,0.795329485519898,0.188124800801718,0.811875199198282,0,2019-09-21 21:29:11
0.798628473129621,0.201371526870379,0.808239488077444,0.191760511922556,1,2019-09-21 21:29:11
0.651559935592847,0.348440064407153,0.563011176749961,0.436988823250039,1,2019-09-21 21:29:11
0.475780179544615,0.524219820455385,0.45332138155281,0.54667861844719,1,2019-09-21 21:29:11
0.488577414542194,0.511422585457806,0.403747232139238,0.596252767860762,0,2019-09-21 21:29:11
0.260888548984367,0.739111451015633,0.236020116872344,0.763979883127656,0,2019-09-21 21:29:11
0.725872990916598,0.274127009083402,0.737376246230645,0.262623753769355,0,2019-09-21 21:29:11
0.207984500474455,0.792015499525545,0.221770326350319,0.778229673649681,0,2019-09-21 21:29:11
0.288329222024038,0.711670777975962,0.283914570751132,0.716085429248868,0,2019-09-21 21:29:11
0.763560581147885,0.236439418852114,0.751992299618985,0.248007700381015,0,2019-09-21 21:29:11
0.797936983767919,0.202063016232081,0.781533896717206,0.218466103282794,1,2019-09-21 21:29:11
0.300047601264603,0.699952398735397,0.335448012576563,0.664551987423437,0,2019-09-21 21:29:11
0.608383112472221,0.391616887527779,0.640079233307113,0.359920766692887,0,2019-09-21 21:29:11
0.59033371719382,0.40966628280618,0.624240255572483,0.375759744427517,1,2019-09-21 21:29:11
0.817124988950877,0.182875011049123,0.810394405538251,0.189605594461749,1,2019-09-21 21:29:11
0.575547534463937,0.424452465536063,0.462023975626869,0.537976024373131,1,2019-09-21 21:29:11
0.417958599230929,0.582041400769071,0.346092511847885,0.653907488152115,0,2019-09-21 21:29:11
0.489889628168717,0.510110371831283,0.557440341788362,0.442559658211638,0,2019-09-21 21:29:11
0.373596404721546,0.626403595278454,0.341787615899845,0.658212384100155,0,2019-09-21 21:29:11
0.817124988950877,0.182875011049123,0.810394405538251,0.189605594461749,1,2019-09-21 21:29:11
0.496339914477422,0.503660085522577,0.414276013647907,0.585723986352093,1,2019-09-21 21:29:11
0.314111265093416,0.685888734906584,0.287454489625638,0.712545510374363,0,2019-09-21 21:29:11
0.61336861655312,0.38663138344688,0.502371762459766,0.497628237540234,1,2019-09-21 21:29:11
0.343435439930692,0.656564560069308,0.283397356643611,0.716602643356389,0,2019-09-21 21:29:11
0.783719523268716,0.216280476731284,0.779876004435266,0.220123995564734,1,2019-09-21 21:29:11
0.172039570920618,0.827960429079381,0.175477442471267,0.824522557528733,0,2019-09-21 21:29:11
0.179638600504822,0.820361399495178,0.170966264153366,0.829033735846634,0,2019-09-21 21:29:11
0.172039570920618,0.827960429079381,0.175477442471267,0.824522557528733,0,2019-09-21 21:29:11
0.321078067754823,0.678921932245177,0.247127552449902,0.752872447550098,0,2019-09-21 21:29:11
0.759881756854944,0.240118243145056,0.782396669781656,0.217603330218344,1,2019-09-21 21:29:11
0.7602850810244,0.2397149189756,0.73350591712555,0.26649408287445,0,2019-09-21 21:29:11
0.466215322868122,0.533784677131878,0.408727807815638,0.591272192184362,0,2019-09-21 21:29:11
0.512704562694373,0.487295437305627,0.51915592089974,0.48084407910026,1,2019-09-21 21:29:11
0.298981537124378,0.701018462875622,0.291050013314651,0.708949986685349,0,2019-09-21 21:29:11
0.274159504214753,0.725840495785247,0.246226131525557,0.753773868474443,1,2019-09-21 21:29:11
0.49715953389258,0.50284046610742,0.373845636211044,0.626154363788956,1,2019-09-21 21:29:11
0.588676918828099,0.411323081171901,0.604249040624742,0.395750959375258,1,2019-09-21 21:29:11
0.206064481726068,0.793935518273932,0.184767802495593,0.815232197504407,0,2019-09-21 21:29:11
0.817124988950877,0.182875011049123,0.810394405538251,0.189605594461749,1,2019-09-21 21:29:11
0.497466303431083,0.502533696568917,0.420666371475702,0.579333628524298,0,2019-09-21 21:29:11
0.271345163625764,0.728654836374236,0.247472982274082,0.752527017725918,1,2019-09-21 21:29:11
0.174853911509607,0.825146088490393,0.170966264153366,0.829033735846634,0,2019-09-21 21:29:11
0.552992386525609,0.447007613474391,0.56567699508705,0.43432300491295,0,2019-09-21 21:29:11
0.473540763000034,0.526459236999966,0.510193008002102,0.489806991997898,0,2019-09-21 21:29:11
0.172039570920618,0.827960429079381,0.170966264153366,0.829033735846634,0,2019-09-21 21:29:11
0.754148717388036,0.245851282611964,0.733098546986554,0.266901453013446,1,2019-09-21 21:29:11
0.797942160655701,0.202057839344299,0.805290643296334,0.194709356703666,1,2019-09-21 21:29:11
0.504634189988754,0.495365810011246,0.541793855364315,0.458206144635685,1,2019-09-21 21:29:11
0.817124988950877,0.182875011049123,0.810394405538251,0.189605594461749,1,2019-09-21 21:29:11
0.207984500474455,0.792015499525545,0.221770326350319,0.778229673649681,0,2019-09-21 21:29:11
0.315688888581836,0.684311111418164,0.284189546934068,0.715810453065932,0,2019-09-21 21:32:16
0.170813872379116,0.829186127620884,0.151928089982852,0.848071910017148,0,2019-09-21 21:32:16
0.770204585386642,0.229795414613358,0.739101613649436,0.260898386350564,1,2019-09-21 21:32:16
0.529902382061381,0.470097617938619,0.49937328663998,0.50062671336002,0,2019-09-21 21:32:16
0.211275684796439,0.788724315203561,0.204455688243842,0.795544311756158,0,2019-09-21 21:32:16
0.154150949683748,0.845849050316252,0.131916666664151,0.868083333335849,0,2019-09-21 21:32:16
0.317717862979337,0.682282137020663,0.286578069078953,0.713421930921047,0,2019-09-21 21:32:16
0.177554977940839,0.822445022059161,0.159492883746585,0.840507116253415,0,2019-09-21 21:32:16
0.218399372339618,0.781600627660382,0.189729340126112,0.810270659873888,1,2019-09-21 21:32:16
0.157205331057325,0.842794668942675,0.143932278702151,0.856067721297849,0,2019-09-21 21:32:16
0.773281170878296,0.226718829121704,0.734768028268527,0.265231971731473,1,2019-09-21 21:32:16
0.218119976751326,0.781880023248674,0.206177050246611,0.793822949753389,0,2019-09-21 21:32:16
0.827081080726076,0.172918919273924,0.799823939096674,0.200176060903326,1,2019-09-21 21:32:16
0.731699096598143,0.268300903401857,0.684160924344295,0.315839075655705,1,2019-09-21 21:32:16
0.625458859415897,0.374541140584103,0.577701568995157,0.422298431004843,0,2019-09-21 21:32:16
0.731401672473679,0.268598327526321,0.690157349943174,0.309842650056826,1,2019-09-21 21:32:16
0.310935093943571,0.689064906056429,0.290975053679007,0.709024946320993,0,2019-09-21 21:32:16
0.279085746191602,0.720914253808398,0.259333062976239,0.740666937023761,0,2019-09-21 21:32:16
0.81888475573581,0.18111524426419,0.788010074568209,0.211989925431791,1,2019-09-21 21:32:16
0.856789816582383,0.143210183417617,0.825227461977825,0.174772538022175,1,2019-09-21 21:32:16
0.503203055273191,0.496796944726809,0.480439992472107,0.519560007527893,1,2019-09-21 21:32:16
0.804574087963864,0.195425912036136,0.786787433712932,0.213212566287068,1,2019-09-21 21:32:16
0.592292416277036,0.407707583722964,0.554700374442158,0.445299625557842,0,2019-09-21 21:32:16
0.319291540352534,0.680708459647466,0.284189546934068,0.715810453065932,1,2019-09-21 21:32:16
0.639890657006464,0.360109342993536,0.59913979653397,0.40086020346603,1,2019-09-21 21:32:16
0.183358984961509,0.816641015038491,0.166458501169197,0.833541498830803,0,2019-09-21 21:32:16
0.857910463716644,0.142089536283356,0.824639641471922,0.175360358528078,1,2019-09-21 21:32:16
0.34588234052834,0.65411765947166,0.329220279867997,0.670779720132003,0,2019-09-21 21:32:16
0.649089092034775,0.350910907965225,0.596222350557415,0.403777649442585,1,2019-09-21 21:32:16
0.155079002104882,0.844920997895118,0.137487746665123,0.862512253334877,0,2019-09-21 21:32:16
0.217082543596245,0.782917456403755,0.207623165340928,0.792376834659072,0,2019-09-21 21:32:16
0.835188090139835,0.164811909860165,0.805513931765096,0.194486068234904,1,2019-09-21 21:32:16
0.622350566446526,0.377649433553474,0.590572638543563,0.409427361456437,1,2019-09-21 21:32:16
0.302640116369648,0.697359883630352,0.280533352129931,0.719466647870069,0,2019-09-21 21:32:16
0.213547012226207,0.786452987773793,0.199832000959366,0.800167999040634,0,2019-09-21 21:32:16
0.153228237333805,0.846771762666195,0.132948537295683,0.867051462704317,0,2019-09-21 21:32:16
0.418033901742194,0.581966098257806,0.380615359018846,0.619384640981154,0,2019-09-21 21:32:16
0.44817896639658,0.55182103360342,0.427834379050692,0.572165620949308,1,2019-09-21 21:32:16
0.428636963238709,0.571363036761291,0.391705126845067,0.608294873154933,0,2019-09-21 21:32:16
0.785585793747494,0.214414206252506,0.746431297751135,0.253568702248865,1,2019-09-21 21:32:16
0.157957137006704,0.842042862993296,0.135639005182663,0.864360994817337,0,2019-09-21 21:32:16
0.838552638799874,0.161447361200126,0.807129199665917,0.192870800334083,1,2019-09-21 21:32:16
0.151995914101482,0.848004085898518,0.131916666664151,0.868083333335849,0,2019-09-21 21:32:16
0.151995914101482,0.848004085898518,0.131916666664151,0.868083333335849,1,2019-09-21 21:32:16
0.806591586385332,0.193408413614668,0.789143362173527,0.210856637826473,1,2019-09-21 21:32:16
0.288602945987747,0.711397054012253,0.269774764525315,0.730225235474685,0,2019-09-21 21:32:16
0.599169548599404,0.400830451400596,0.560752336997358,0.439247663002642,0,2019-09-21 21:32:16
0.303265935885563,0.696734064114437,0.303745648399275,0.696254351600725,0,2019-09-21 21:32:16
0.594617439015534,0.405382560984466,0.556636249492858,0.443363750507142,0,2019-09-21 21:32:16
0.610909147750789,0.389090852249211,0.583163771705339,0.416836228294661,1,2019-09-21 21:32:16
0.372872992977665,0.627127007022334,0.342248741406499,0.657751258593501,1,2019-09-21 21:32:16
0.563647226887867,0.436352773112133,0.527104964717219,0.472895035282781,1,2019-09-21 21:32:16
0.631445174372628,0.368554825627372,0.603243727020961,0.396756272979039,0,2019-09-21 21:32:16
0.83024021356834,0.16975978643166,0.801906889610395,0.198093110389605,1,2019-09-21 21:32:16
0.367425568008206,0.632574431991794,0.338498769813777,0.661501230186223,0,2019-09-21 21:32:16
0.534937270509089,0.465062729490911,0.511358192253125,0.488641807746875,1,2019-09-21 21:32:16
0.734639383529308,0.265360616470692,0.693787478240893,0.306212521759107,0,2019-09-21 21:32:16
0.22440529714316,0.77559470285684,0.219308086010703,0.780691913989297,1,2019-09-21 21:32:16
0.307116150499374,0.692883849500626,0.284464065321885,0.715535934678115,0,2019-09-21 21:32:16
0.590787674963251,0.409212325036749,0.555875852282795,0.444124147717205,0,2019-09-21 21:32:16
0.856789816582383,0.143210183417617,0.825227461977825,0.174772538022175,1,2019-09-21 21:32:16
0.274131266023523,0.725868733976477,0.26230477733468,0.73769522266532,0,2019-09-21 21:32:16
0.346721340549866,0.653278659450134,0.328131755907003,0.671868244092997,0,2019-09-21 21:32:16
0.270811326582414,0.729188673417586,0.245030899076386,0.754969100923614,0,2019-09-21 21:32:16
0.217082543596245,0.782917456403755,0.207623165340928,0.792376834659072,0,2019-09-21 21:32:16
0.521851615576792,0.478148384423208,0.495204890024801,0.504795109975199,0,2019-09-21 21:32:16
0.629063889435606,0.370936110564394,0.58197353507564,0.41802646492436,1,2019-09-21 21:32:16
0.792717027652234,0.207282972347766,0.770931222570531,0.229068777429469,1,2019-09-21 21:32:16
0.264927561813004,0.735072438186996,0.235832833866029,0.764167166133971,0,2019-09-21 21:32:16
0.151995914101482,0.848004085898518,0.131916666664151,0.868083333335849,0,2019-09-21 21:32:16
0.442044665834372,0.557955334165628,0.404868235852896,0.595131764147104,1,2019-09-21 21:32:16
0.169693225244855,0.830306774755145,0.149894114817371,0.850105885182629,0,2019-09-21 21:32:16
0.274680758538603,0.725319241461397,0.27501884370426,0.72498115629574,0,2019-09-21 21:32:16
0.287561759738461,0.712438240261539,0.270540309752193,0.729459690247807,0,2019-09-21 21:32:16
0.449191188541182,0.550808811458818,0.41504790122071,0.58495209877929,1,2019-09-21 21:32:16
0.347345051763588,0.652654948236412,0.349406651906485,0.650593348093515,1,2019-09-21 21:32:16
0.568369420458659,0.431630579541341,0.545175545747263,0.454824454252737,1,2019-09-21 21:32:16
0.475943737884677,0.524056262115323,0.439969713186499,0.560030286813501,1,2019-09-21 21:32:16
0.766304164824861,0.233695835175139,0.743314147825366,0.256685852174634,0,2019-09-21 21:32:16
0.836333897953539,0.163666102046461,0.809770620091886,0.190229379908114,1,2019-09-21 21:32:16
0.688925341897431,0.311074658102569,0.658412337894127,0.341587662105873,0,2019-09-21 21:32:16
0.274131266023523,0.725868733976477,0.259514006415292,0.740485993584708,0,2019-09-21 21:32:16
0.214629085450879,0.785370914549121,0.205600026947555,0.794399973052445,0,2019-09-21 21:32:16
0.510711348538949,0.489288651461051,0.483780603188209,0.516219396811791,1,2019-09-21 21:32:16
0.549584075875147,0.450415924124853,0.523777468819662,0.476222531180338,1,2019-09-21 21:32:16
0.809685046730107,0.190314953269893,0.779571921614346,0.220428078385654,1,2019-09-21 21:32:16
0.516045012355384,0.483954987644616,0.485160409273502,0.514839590726498,1,2019-09-21 21:32:16
0.772203614636657,0.227796385363343,0.739858121719983,0.260141878280017,0,2019-09-21 21:32:16
0.155802101424437,0.844197898575562,0.135639005182663,0.864360994817337,0,2019-09-21 21:32:16
0.28592059415771,0.71407940584229,0.266624387944659,0.733375612055341,1,2019-09-21 21:32:16
0.305416597449839,0.694583402550161,0.310285824258993,0.689714175741007,0,2019-09-21 21:32:16
0.838872764730628,0.161127235269372,0.805119597354546,0.194880402645454,1,2019-09-21 21:32:16
0.151995914101482,0.848004085898518,0.131916666664151,0.868083333335849,0,2019-09-21 21:32:16
0.820275373565418,0.179724626434582,0.785331560920305,0.214668439079695,1,2019-09-21 21:32:16
0.156922748558698,0.843077251441302,0.137672980348144,0.862327019651856,0,2019-09-21 21:32:16
0.602576779270546,0.397423220729454,0.561433725990209,0.438566274009791,1,2019-09-21 21:32:16
0.844624314819606,0.155375685180394,0.809391817033015,0.190608182966985,1,2019-09-21 21:32:16
0.80044415022089,0.19955584977911,0.78218638174781,0.21781361825219,1,2019-09-21 21:32:16
0.642920029018502,0.357079970981498,0.625220381432505,0.374779618567495,1,2019-09-21 21:32:16
0.839297643010837,0.160702356989163,0.805252354766676,0.194747645233324,1,2019-09-21 21:32:16
0.608352850211616,0.391647149788384,0.574453074439925,0.425546925560075,0,2019-09-21 21:32:52
0.31207218422333,0.68792781577667,0.312086115636629,0.687913884363371,0,2019-09-21 21:32:52
0.230241275356206,0.769758724643794,0.219707502610511,0.780292497389489,0,2019-09-21 21:32:52
0.31207218422333,0.68792781577667,0.312086115636629,0.687913884363371,1,2019-09-21 21:32:52
0.608352850211616,0.391647149788384,0.574453074439925,0.425546925560075,0,2019-09-21 21:32:52
0.614474123924353,0.385525876075647,0.574453074439925,0.425546925560075,0,2019-09-21 21:32:52
0.2188509121158,0.7811490878842,0.219707502610511,0.780292497389489,0,2019-09-21 21:32:52
0.769064624969081,0.230935375030919,0.781060897905318,0.218939102094682,1,2019-09-21 21:32:52
0.229557236262011,0.770442763737989,0.236849639702212,0.763150360297788,0,2019-09-21 21:32:52
0.729936956365379,0.270063043634621,0.681436716014353,0.318563283985647,1,2019-09-21 21:32:52
0.2188509121158,0.7811490878842,0.225079665204319,0.774920334795681,0,2019-09-21 21:32:52
0.2188509121158,0.7811490878842,0.219707502610511,0.780292497389489,0,2019-09-21 21:32:52
0.367211432736087,0.632788567263913,0.421502027529851,0.578497972470149,1,2019-09-21 21:32:52
0.290473564837562,0.709526435162438,0.344506750398232,0.655493249601768,0,2019-09-21 21:32:52
0.2188509121158,0.7811490878842,0.219707502610511,0.780292497389489,0,2019-09-21 21:32:52
0.773241454237373,0.226758545762627,0.781060897905318,0.218939102094682,1,2019-09-21 21:32:52
0.729936956365379,0.270063043634621,0.681436716014353,0.318563283985647,1,2019-09-21 21:32:52
0.786721134869102,0.213278865130898,0.790852627907575,0.209147372092425,1,2019-09-21 21:32:52
0.292418009282007,0.707581990717993,0.344506750398232,0.655493249601768,0,2019-09-21 21:32:52
0.630760958734363,0.369239041265637,0.605504711642657,0.394495288357343,0,2019-09-21 21:32:52
0.2188509121158,0.7811490878842,0.219707502610511,0.780292497389489,0,2019-09-21 21:32:52
0.2188509121158,0.7811490878842,0.219707502610511,0.780292497389489,0,2019-09-21 21:32:52
0.608352850211616,0.391647149788384,0.568526913028398,0.431473086971602,0,2019-09-21 21:32:52
0.773241454237373,0.226758545762627,0.781060897905318,0.218939102094682,1,2019-09-21 21:32:52
0.782691502452215,0.217308497547786,0.786039329361521,0.213960670638479,1,2019-09-21 21:32:52
0.2188509121158,0.7811490878842,0.219707502610511,0.780292497389489,0,2019-09-21 21:32:52
0.290473564837562,0.709526435162438,0.344506750398232,0.655493249601768,0,2019-09-21 21:32:52
0.712280446465357,0.287719553534643,0.671644986012096,0.328355013987904,1,2019-09-21 21:32:52
0.712280446465357,0.287719553534643,0.666831687466042,0.333168312533958,1,2019-09-21 21:32:52
0.288782907758121,0.711217092241879,0.28831558927976,0.71168441072024,0,2019-09-21 21:32:52
0.729936956365379,0.270063043634621,0.681436716014353,0.318563283985647,1,2019-09-21 21:32:52
0.2188509121158,0.7811490878842,0.219707502610511,0.780292497389489,0,2019-09-21 21:32:52
0.608352850211616,0.391647149788384,0.549315829635185,0.450684170364815,0,2019-09-21 21:32:52
0.729936956365379,0.270063043634621,0.688393391966191,0.311606608033809,1,2019-09-21 21:32:52
0.279767240691351,0.720232759308649,0.33432128925837,0.66567871074163,1,2019-09-21 21:32:52
0.2188509121158,0.7811490878842,0.219707502610511,0.780292497389489,0,2019-09-21 21:32:52
0.2188509121158,0.7811490878842,0.219707502610511,0.780292497389489,0,2019-09-21 21:32:52
0.377917756882298,0.622082243117702,0.431687488669713,0.568312511330287,1,2019-09-21 21:32:52
0.31207218422333,0.68792781577667,0.312086115636629,0.687913884363371,1,2019-09-21 21:32:52
0.334168871609947,0.665831128390053,0.328795056477364,0.671204943522636,1,2019-09-21 21:32:52
0.31207218422333,0.68792781577667,0.312086115636629,0.687913884363371,0,2019-09-21 21:32:52
0.2188509121158,0.7811490878842,0.219707502610511,0.780292497389489,0,2019-09-21 21:32:52
0.619059174357827,0.380940825642173,0.586223048937817,0.413776951062183,0,2019-09-21 21:32:52
0.323462547463736,0.676537452536264,0.312086115636629,0.687913884363371,0,2019-09-21 21:32:52
0.769211821820486,0.230788178179514,0.776247599359264,0.223752400640736,1,2019-09-21 21:32:52
0.230241275356206,0.769758724643794,0.219707502610511,0.780292497389489,0,2019-09-21 21:32:52
0.619059174357827,0.380940825642173,0.586223048937817,0.413776951062183,0,2019-09-21 21:32:52
0.286996980563008,0.713003019436992,0.33432128925837,0.66567871074163,0,2019-09-21 21:32:52
0.229453584390977,0.770546415609023,0.235042920827315,0.764957079172685,0,2019-09-21 21:32:52
0.701574122319146,0.298425877680854,0.660905526054515,0.339094473945485,1,2019-09-21 21:32:52
0.229557236262011,0.770442763737989,0.229892963750373,0.770107036249627,0,2019-09-21 21:32:52
0.712280446465357,0.287719553534643,0.672675500552408,0.327324499447592,0,2019-09-21 21:32:52
0.619059174357827,0.380940825642173,0.568526913028398,0.431473086971602,1,2019-09-21 21:32:52
0.608352850211616,0.391647149788384,0.574453074439925,0.425546925560075,0,2019-09-21 21:32:52
0.783925341512098,0.216074658487902,0.782771079060137,0.217228920939863,1,2019-09-21 21:32:52
0.286996980563008,0.713003019436992,0.33432128925837,0.66567871074163,0,2019-09-21 21:32:52
0.35622873121159,0.64377126878841,0.413114837067481,0.586885162932519,1,2019-09-21 21:32:52
0.2188509121158,0.7811490878842,0.219707502610511,0.780292497389489,0,2019-09-21 21:32:52
0.290473564837562,0.709526435162438,0.344506750398232,0.655493249601768,0,2019-09-21 21:32:52
0.608352850211616,0.391647149788384,0.568526913028398,0.431473086971602,0,2019-09-21 21:32:52
0.2188509121158,0.7811490878842,0.219707502610511,0.780292497389489,0,2019-09-21 21:32:52
0.229557236262011,0.770442763737989,0.229892963750373,0.770107036249627,1,2019-09-21 21:32:52
0.608352850211616,0.391647149788384,0.568526913028398,0.431473086971602,0,2019-09-21 21:32:52
0.322778508369541,0.677221491630459,0.322271576776491,0.677728423223509,0,2019-09-21 21:32:52
0.701574122319146,0.298425877680854,0.660905526054515,0.339094473945485,0,2019-09-21 21:32:52
0.769064624969081,0.230935375030919,0.770321437947737,0.229678562052263,1,2019-09-21 21:32:52
0.786721134869102,0.213278865130898,0.790852627907575,0.209147372092425,1,2019-09-21 21:32:52
0.712280446465357,0.287719553534643,0.671644986012096,0.328355013987904,1,2019-09-21 21:32:52
0.2188509121158,0.7811490878842,0.219707502610511,0.780292497389489,0,2019-09-21 21:32:52
0.769211821820486,0.230788178179514,0.776247599359264,0.223752400640736,1,2019-09-21 21:32:52
0.675090938046427,0.324909061953573,0.683140699676257,0.316859300323743,1,2019-09-21 21:32:52
0.337723850145728,0.662276149854272,0.318609595337502,0.681390404662498,0,2019-09-21 21:32:52
0.2188509121158,0.7811490878842,0.219707502610511,0.780292497389489,0,2019-09-21 21:32:52
0.2188509121158,0.7811490878842,0.219707502610511,0.780292497389489,0,2019-09-21 21:32:52
0.619059174357827,0.380940825642173,0.568526913028398,0.431473086971602,0,2019-09-21 21:32:52
0.685797262192638,0.314202737807362,0.696087190267409,0.303912809732591,1,2019-09-21 21:32:52
0.636715684257849,0.363284315742151,0.61727468614055,0.38272531385945,1,2019-09-21 21:32:52
0.2188509121158,0.7811490878842,0.219707502610511,0.780292497389489,0,2019-09-21 21:32:52
0.2188509121158,0.7811490878842,0.219707502610511,0.780292497389489,0,2019-09-21 21:32:52
0.608352850211616,0.391647149788384,0.568526913028398,0.431473086971602,0,2019-09-21 21:32:52
0.320471879741528,0.679528120258472,0.373748983763328,0.626251016236672,1,2019-09-21 21:32:52
0.229557236262011,0.770442763737989,0.24498283174731,0.75501716825269,0,2019-09-21 21:32:52
0.685797262192638,0.314202737807362,0.693880159633837,0.306119840366163,1,2019-09-21 21:32:52
0.608352850211616,0.391647149788384,0.549315829635185,0.450684170364815,0,2019-09-21 21:32:52
0.284518839314076,0.715481160685924,0.339693451852178,0.660306548147822,0,2019-09-21 21:32:52
0.2188509121158,0.7811490878842,0.219707502610511,0.780292497389489,0,2019-09-21 21:32:52
0.700381533240554,0.299618466759446,0.6543979393561,0.3456020606439,1,2019-09-21 21:32:52
0.634818175705062,0.365181824294938,0.574453074439925,0.425546925560075,1,2019-09-21 21:32:52
0.701574122319146,0.298425877680854,0.635768281249775,0.364231718750225,1,2019-09-21 21:32:52
0.223602510738525,0.776397489261475,0.225079665204319,0.774920334795681,0,2019-09-21 21:32:52
0.70664767990017,0.29335232009983,0.657666189657484,0.342333810342516,0,2019-09-21 21:32:52
0.2188509121158,0.7811490878842,0.219707502610511,0.780292497389489,0,2019-09-21 21:32:52
0.2188509121158,0.7811490878842,0.219707502610511,0.780292497389489,0,2019-09-21 21:32:52
0.769208938466688,0.230791061533312,0.772279976305343,0.227720023694657,1,2019-09-21 21:32:52
0.763431858403893,0.236568141596107,0.767466677759289,0.232533322240711,1,2019-09-21 21:32:52
0.31207218422333,0.68792781577667,0.312086115636629,0.687913884363371,0,2019-09-21 21:32:52
0.2188509121158,0.7811490878842,0.219707502610511,0.780292497389489,0,2019-09-21 21:32:52
0.70664767990017,0.29335232009983,0.65285289111143,0.34714710888857,1,2019-09-21 21:32:52
0.786721134869102,0.213278865130898,0.786039329361521,0.213960670638479,1,2019-09-21 21:32:52
0.749952177772164,0.250047822227836,0.770621438348184,0.229378561651816,1,2019-09-21 21:32:52
0.446045343189071,0.553954656810929,0.373826597722747,0.626173402277253,1,2019-09-21 21:35:54
0.790453449652926,0.209546550347074,0.729448666806672,0.270551333193328,1,2019-09-21 21:35:54
0.268375547485525,0.731624452514475,0.229655808921869,0.770344191078131,0,2019-09-21 21:35:54
0.513403726731642,0.486596273268358,0.467463140292713,0.532536859707287,0,2019-09-21 21:35:54
0.204118479528317,0.795881520471683,0.150050797342529,0.849949202657471,0,2019-09-21 21:35:54
0.480768373009186,0.519231626990814,0.458495759595605,0.541504240404395,0,2019-09-21 21:35:54
0.511621723167888,0.488378276832111,0.487796265706114,0.512203734293886,1,2019-09-21 21:35:54
0.170564469741259,0.829435530258742,0.133351566246293,0.866648433753707,0,2019-09-21 21:35:54
0.180185852821818,0.819814147178182,0.135251491852236,0.864748508147764,0,2019-09-21 21:35:54
0.647146563414656,0.352853436585344,0.623209250566497,0.376790749433503,1,2019-09-21 21:35:54
0.704653867888904,0.295346132111096,0.647483616425539,0.352516383574461,1,2019-09-21 21:35:54
0.263457546065106,0.736542453934894,0.21991320028562,0.78008679971438,0,2019-09-21 21:35:54
0.306841140065587,0.693158859934413,0.239107992424928,0.760892007575072,0,2019-09-21 21:35:54
0.588401419157328,0.411598580842672,0.564470483677986,0.435529516322014,0,2019-09-21 21:35:54
0.311283333727101,0.688716666272899,0.266209740843666,0.733790259156334,0,2019-09-21 21:35:54
0.189733852054039,0.810266147945961,0.149953212755603,0.850046787244397,1,2019-09-21 21:35:54
0.194798354779759,0.805201645220241,0.146298833889988,0.853701166110012,0,2019-09-21 21:35:54
0.29852142335281,0.70147857664719,0.250210771363542,0.749789228636458,0,2019-09-21 21:35:54
0.314521209959468,0.685478790040532,0.262040095345085,0.737959904654915,0,2019-09-21 21:35:54
0.293549013828501,0.706450986171499,0.233155790576524,0.766844209423476,0,2019-09-21 21:35:54
0.71197329849776,0.28802670150224,0.658425738196703,0.341574261803297,1,2019-09-21 21:35:54
0.274561948312273,0.725438051687727,0.229976074633777,0.770023925366223,1,2019-09-21 21:35:54
0.707068010018377,0.292931989981623,0.650290583603521,0.349709416396479,1,2019-09-21 21:35:54
0.311085539777545,0.688914460222455,0.264743320243263,0.735256679756737,1,2019-09-21 21:35:54
0.22058748202596,0.77941251797404,0.167927175429526,0.832072824570474,0,2019-09-21 21:35:54
0.169389091271639,0.830610908728361,0.132960078180219,0.867039921819781,0,2019-09-21 21:35:54
0.180767605255664,0.819232394744336,0.136263094919189,0.863736905080811,0,2019-09-21 21:35:54
0.73777046601664,0.26222953398336,0.686428713710562,0.313571286289438,1,2019-09-21 21:35:54
0.764866440216274,0.235133559783726,0.709491071679983,0.290508928320017,1,2019-09-21 21:35:54
0.681964306666304,0.318035693333696,0.630611832178547,0.369388167821453,1,2019-09-21 21:35:54
0.582698508214366,0.417301491785634,0.540961767272128,0.459038232727872,1,2019-09-21 21:35:54
0.424429501793902,0.575570498206098,0.350538633868994,0.649461366131006,1,2019-09-21 21:35:54
0.44561147652376,0.55438852347624,0.417693422777253,0.582306577222747,0,2019-09-21 21:35:54
0.749832926222311,0.250167073777689,0.702012542311754,0.297987457688246,1,2019-09-21 21:35:54
0.690400528752366,0.309599471247634,0.652013538873686,0.347986461126314,1,2019-09-21 21:35:54
0.31601808823946,0.68398191176054,0.260092458459709,0.739907541540291,1,2019-09-21 21:35:54
0.788762974664345,0.211237025335655,0.730131012794414,0.269868987205586,1,2019-09-21 21:35:54
0.787577444011227,0.212422555988773,0.727969162327811,0.272030837672189,1,2019-09-21 21:35:54
0.639254072972568,0.360745927027432,0.611089894198189,0.388910105801811,0,2019-09-21 21:35:54
0.264891911121889,0.735108088878111,0.226102302329853,0.773897697670147,0,2019-09-21 21:35:54
0.265535628117432,0.734464371882568,0.219521712219546,0.780478287780454,0,2019-09-21 21:35:54
0.715493724316801,0.284506275683199,0.663265904042843,0.336734095957157,1,2019-09-21 21:35:54
0.169389091271639,0.830610908728361,0.132960078180219,0.867039921819781,0,2019-09-21 21:35:54
0.527764448549008,0.472235551450992,0.494204031405911,0.505795968594089,0,2019-09-21 21:35:54
0.755258050440229,0.244741949559771,0.703204718073283,0.296795281926717,1,2019-09-21 21:35:54
0.61925464381851,0.38074535618149,0.595062316732484,0.404937683267516,1,2019-09-21 21:35:54
0.691988033135518,0.308011966864482,0.650706498950939,0.349293501049061,1,2019-09-21 21:35:54
0.385718541566558,0.614281458433442,0.336278746594582,0.663721253405418,1,2019-09-21 21:35:54
0.204747472610445,0.795252527389555,0.150331098520644,0.849668901479356,0,2019-09-21 21:35:54
0.251041497062277,0.748958502937723,0.18709055911467,0.81290944088533,0,2019-09-21 21:35:54
0.309390570592685,0.690609429407315,0.265818252777592,0.734181747222408,0,2019-09-21 21:35:54
0.586393624919725,0.413606375080274,0.564537515293321,0.435462484706679,0,2019-09-21 21:35:54
0.350238872996983,0.649761127003017,0.303563691044206,0.696436308955794,0,2019-09-21 21:35:54
0.599321752977199,0.400678247022801,0.568915292484349,0.431084707515651,1,2019-09-21 21:35:54
0.738499372524545,0.261500627475455,0.685804674214673,0.314195325785327,1,2019-09-21 21:35:54
0.314655936819427,0.685344063180573,0.254097321402779,0.745902678597221,1,2019-09-21 21:35:54
0.232953636484605,0.767046363515395,0.174700749322134,0.825299250677866,0,2019-09-21 21:35:54
0.72184403744285,0.27815596255715,0.652662843668268,0.347337156331732,1,2019-09-21 21:35:54
0.305008465899732,0.694991534100268,0.264991384606094,0.735008615393906,0,2019-09-21 21:35:54
0.771909807031904,0.228090192968096,0.712628268404674,0.287371731595326,1,2019-09-21 21:35:54
0.194058952320064,0.805941047679935,0.149953212755603,0.850046787244397,1,2019-09-21 21:35:54
0.646521332969665,0.353478667030335,0.605735266624152,0.394264733375848,1,2019-09-21 21:35:54
0.406092191082813,0.593907808917187,0.328098369572293,0.671901630427707,1,2019-09-21 21:35:54
0.327452176829908,0.672547823170092,0.271012332048071,0.728987667951929,0,2019-09-21 21:35:54
0.294961182065192,0.705038817934808,0.239646467640274,0.760353532359726,0,2019-09-21 21:35:54
0.706241386314899,0.293758613685101,0.664562373449235,0.335437626550765,1,2019-09-21 21:35:54
0.169389091271639,0.830610908728361,0.132960078180219,0.867039921819781,0,2019-09-21 21:35:54
0.320978444532867,0.679021555467133,0.267888663655818,0.732111336344182,1,2019-09-21 21:35:54
0.425381447164748,0.574618552835252,0.345622116318216,0.654377883681784,0,2019-09-21 21:35:54
0.263457546065106,0.736542453934894,0.219521712219546,0.780478287780454,0,2019-09-21 21:35:54
0.169389091271639,0.830610908728361,0.132960078180219,0.867039921819781,0,2019-09-21 21:35:54
0.789862669111478,0.210137330888522,0.72741212663538,0.272587873364619,1,2019-09-21 21:35:54
0.432674002949398,0.567325997050602,0.362491603094612,0.637508396905388,1,2019-09-21 21:35:54
0.287911002397474,0.712088997602526,0.246526583143271,0.753473416856729,0,2019-09-21 21:35:54
0.411961334733439,0.588038665266561,0.347779104108472,0.652220895891528,1,2019-09-21 21:35:54
0.689959047554742,0.310040952445258,0.634420091724734,0.365579908275266,1,2019-09-21 21:35:54
0.183875099017461,0.816124900982539,0.141780274572604,0.858219725427396,0,2019-09-21 21:35:54
0.254135040620549,0.745864959379451,0.18709055911467,0.81290944088533,1,2019-09-21 21:35:54
0.432099080422505,0.567900919577495,0.358422051650765,0.641577948349235,1,2019-09-21 21:35:54
0.666236557467049,0.333763442532951,0.637143817768871,0.362856182231129,1,2019-09-21 21:35:54
0.220608169643352,0.779391830356648,0.161458282594526,0.838541717405474,0,2019-09-21 21:35:54
0.314197189413575,0.685802810586425,0.26091708309164,0.73908291690836,0,2019-09-21 21:35:54
0.169389091271639,0.830610908728361,0.132960078180219,0.867039921819781,0,2019-09-21 21:35:54
0.677139893429977,0.322860106570023,0.60152816605165,0.39847183394835,1,2019-09-21 21:35:54
0.664151998349997,0.335848001650003,0.601855035782727,0.398144964217273,1,2019-09-21 21:35:54
0.488098759006203,0.511901240993797,0.477975881253994,0.522024118746006,1,2019-09-21 21:35:54
0.181239777312957,0.818760222687043,0.135871606853115,0.864128393146885,0,2019-09-21 21:35:54
0.749380968564983,0.250619031435017,0.699253368166056,0.300746631833944,1,2019-09-21 21:35:54
0.50872563342208,0.49127436657792,0.486299312284198,0.513700687715802,0,2019-09-21 21:35:54
0.311698280962935,0.688301719037065,0.260525595025566,0.739474404974434,0,2019-09-21 21:35:54
0.23735385278784,0.76264614721216,0.180547419909345,0.819452580090655,0,2019-09-21 21:35:54
0.783435023580366,0.216564976419634,0.725772847174657,0.274227152825343,1,2019-09-21 21:35:54
0.169389091271639,0.830610908728361,0.132960078180219,0.867039921819781,0,2019-09-21 21:35:54
0.169389091271639,0.830610908728361,0.132960078180219,0.867039921819781,0,2019-09-21 21:35:54
0.618608535026681,0.381391464973319,0.590522556862783,0.409477443137217,1,2019-09-21 21:35:54
0.763940459267077,0.236059540732923,0.703005119408158,0.296994880591841,1,2019-09-21 21:35:54
0.519399555036963,0.480600444963037,0.493546763856978,0.506453236143022,1,2019-09-21 21:35:54
0.681783074034206,0.318216925965794,0.615652204034221,0.384347795965779,1,2019-09-21 21:35:54
0.742070579028739,0.257929420971261,0.688924274753634,0.311075725246366,1,2019-09-21 21:35:54
0.303994053899169,0.696005946100831,0.256678032534247,0.743321967465753,1,2019-09-21 21:35:54
0.618787787254762,0.381212212745238,0.552903389958048,0.447096610041952,1,2019-09-21 21:36:31
0.882012008082298,0.117987991917702,0.848142692464323,0.151857307535677,1,2019-09-21 21:36:31
0.421167073082093,0.578832926917907,0.352978983593297,0.647021016406703,0,2019-09-21 21:36:31
0.16078439549386,0.83921560450614,0.142081477581273,0.857918522418727,0,2019-09-21 21:36:31
0.093961600008047,0.906038399991953,0.0729508456106211,0.927049154389379,0,2019-09-21 21:36:31
0.172044892780476,0.827955107219524,0.148221495006123,0.851778504993878,0,2019-09-21 21:36:31
0.932538944044922,0.067461055955078,0.910211559558914,0.089788440441086,1,2019-09-21 21:36:31
0.140403862527453,0.859596137472547,0.111101314021796,0.888898685978204,0,2019-09-21 21:36:31
0.16732083486844,0.83267916513156,0.145798715004891,0.854201284995109,0,2019-09-21 21:36:31
0.894371522860116,0.105628477139884,0.866428356950161,0.133571643049839,1,2019-09-21 21:36:31
0.11070573897174,0.88929426102826,0.0930608549978533,0.906939145002147,0,2019-09-21 21:36:31
0.897442663982638,0.102557336017362,0.86125852948317,0.13874147051683,1,2019-09-21 21:36:31
0.866129072302817,0.133870927697182,0.848604536677885,0.151395463322115,1,2019-09-21 21:36:31
0.321442837952771,0.678557162047229,0.310048558565363,0.689951441434637,0,2019-09-21 21:36:31
0.585356140920701,0.414643859079299,0.498166271482297,0.501833728517703,0,2019-09-21 21:36:31
0.260422507262917,0.739577492737083,0.246857220153035,0.753142779846965,0,2019-09-21 21:36:31
0.203075030490119,0.796924969509881,0.164338712397763,0.835661287602237,0,2019-09-21 21:36:31
0.704326324703325,0.295673675296675,0.628821738579881,0.371178261420119,1,2019-09-21 21:36:31
0.8184126845847,0.1815873154153,0.734921100110834,0.265078899889166,1,2019-09-21 21:36:31
0.550660131832963,0.449339868167037,0.466538027605951,0.533461972394049,0,2019-09-21 21:36:31
0.227030878180372,0.772969121819628,0.258606348993248,0.741393651006752,1,2019-09-21 21:36:31
0.935270552771834,0.0647294472281655,0.910211559558914,0.089788440441086,1,2019-09-21 21:36:31
0.566390051526017,0.433609948473983,0.525851698013338,0.474148301986662,1,2019-09-21 21:36:31
0.133868908231141,0.866131091768859,0.106928018870329,0.893071981129671,0,2019-09-21 21:36:31
0.925602774773973,0.0743972252260266,0.909873345454931,0.0901266545450686,1,2019-09-21 21:36:31
0.900845972728124,0.0991540272718761,0.867885769066112,0.132114230933888,1,2019-09-21 21:36:31
0.821450604506525,0.178549395493475,0.80692882611815,0.19307117388185,1,2019-09-21 21:36:31
0.169583577211976,0.830416422788024,0.139421512350433,0.860578487649567,0,2019-09-21 21:36:31
0.227030878180372,0.772969121819628,0.26255406034109,0.73744593965891,1,2019-09-21 21:36:31
0.113891917406772,0.886108082593228,0.0781748650618097,0.92182513493819,0,2019-09-21 21:36:31
0.115772287529827,0.884227712470173,0.0891131436500106,0.910886856349989,0,2019-09-21 21:36:31
0.093961600008047,0.906038399991953,0.0750724650631106,0.924927534936889,0,2019-09-21 21:36:31
0.832110540399515,0.167889459600484,0.879161867232456,0.120838132767544,1,2019-09-21 21:36:31
0.10020558074641,0.89979441925359,0.0729508456106211,0.927049154389379,0,2019-09-21 21:36:31
0.558073794490293,0.441926205509707,0.508425629597704,0.491574370402296,1,2019-09-21 21:36:31
0.785128311859863,0.214871688140137,0.704955544226935,0.295044455773065,1,2019-09-21 21:36:31
0.785453583945511,0.214546416054489,0.757628652112424,0.242371347887576,1,2019-09-21 21:36:31
0.365712048033476,0.634287951966524,0.336861172047176,0.663138827952824,0,2019-09-21 21:36:31
0.901887009836922,0.0981129901630781,0.853927307292605,0.146072692707395,1,2019-09-21 21:36:31
0.566916536002471,0.433083463997529,0.509026743895904,0.490973256104096,0,2019-09-21 21:36:31
0.1754860787082,0.8245139212918,0.167503400565595,0.832496599434405,0,2019-09-21 21:36:31
0.141079441855941,0.858920558144059,0.131968796024506,0.868031203975494,0,2019-09-21 21:36:31
0.883710141565742,0.116289858434258,0.835673741721889,0.164326258278111,1,2019-09-21 21:36:31
0.870157285873608,0.129842714126392,0.822501010552768,0.177498989447232,1,2019-09-21 21:36:31
0.24260269861614,0.75739730138386,0.227685565554785,0.772314434445215,1,2019-09-21 21:36:31
0.0957540174254645,0.904245982574536,0.0770856806644792,0.922914319335521,0,2019-09-21 21:36:31
0.905914080859658,0.0940859191403422,0.911149147110313,0.0888508528896869,1,2019-09-21 21:36:31
0.928777613328167,0.0712223866718334,0.911053413530212,0.0889465864697884,1,2019-09-21 21:36:31
0.496075683741512,0.503924316258488,0.460650020827509,0.539349979172491,0,2019-09-21 21:36:31
0.179335736000965,0.820664263999035,0.187106132495135,0.812893867504865,0,2019-09-21 21:36:31
0.837124187640137,0.162875812359863,0.723817308530376,0.276182691469624,1,2019-09-21 21:36:31
0.233021659214835,0.766978340785165,0.234410676568806,0.765589323431194,0,2019-09-21 21:36:31
0.441219460900151,0.558780539099849,0.309153312304814,0.690846687695186,1,2019-09-21 21:36:31
0.804608323965566,0.195391676034434,0.706628299898992,0.293371700101008,1,2019-09-21 21:36:31
0.87763942899638,0.12236057100362,0.896409153443493,0.103590846556507,1,2019-09-21 21:36:31
0.577063306351095,0.422936693648905,0.45728990093157,0.54271009906843,0,2019-09-21 21:36:31
0.873914862933484,0.126085137066516,0.886211313508489,0.113788686491511,1,2019-09-21 21:36:31
0.691737344623474,0.308262655376526,0.705918727968597,0.294081272031403,1,2019-09-21 21:36:31
0.148417301489986,0.851582698510014,0.111101314021796,0.888898685978204,0,2019-09-21 21:36:31
0.239961081695427,0.760038918304573,0.250412147068364,0.749587852931636,0,2019-09-21 21:36:31
0.149080671991374,0.850919328008626,0.12368359497515,0.87631640502485,0,2019-09-21 21:36:31
0.703218881347909,0.296781118652091,0.623865368402253,0.376134631597747,1,2019-09-21 21:36:31
0.684360486138884,0.315639513861116,0.608853651666567,0.391146348333433,0,2019-09-21 21:36:31
0.307525272733833,0.692474727266167,0.320788157198925,0.679211842801075,1,2019-09-21 21:36:31
0.924397536898819,0.0756024631011813,0.908076360247263,0.0919236397527366,1,2019-09-21 21:36:31
0.71339578691087,0.286604213089129,0.756890005971655,0.243109994028345,0,2019-09-21 21:36:31
0.202478272891673,0.797521727108326,0.17797078210515,0.82202921789485,1,2019-09-21 21:36:31
0.552171810758102,0.447828189241898,0.458690646055913,0.541309353944087,0,2019-09-21 21:36:31
0.683840657213615,0.316159342786385,0.663095120423264,0.336904879576736,1,2019-09-21 21:36:31
0.799951039054963,0.200048960945037,0.710418888125498,0.289581111874502,1,2019-09-21 21:36:31
0.222771933879559,0.777228066120441,0.179637204945667,0.820362795054333,0,2019-09-21 21:36:31
0.505275582834671,0.494724417165329,0.611186265247864,0.388813734752136,1,2019-09-21 21:36:31
0.576557160504219,0.423442839495781,0.473454894788246,0.526545105211754,0,2019-09-21 21:36:31
0.935094401010317,0.0649055989896831,0.910211559558914,0.089788440441086,1,2019-09-21 21:36:31
0.126059997604558,0.873940002395442,0.0955047742377389,0.904495225762261,0,2019-09-21 21:36:31
0.193370155558873,0.806629844441127,0.166196566346144,0.833803433653856,0,2019-09-21 21:36:31
0.52498790094185,0.47501209905815,0.43097579538876,0.56902420461124,0,2019-09-21 21:36:31
0.105442348916971,0.894557651083029,0.0846342013484689,0.915365798651531,0,2019-09-21 21:36:31
0.0981290167497212,0.901870983250279,0.0729508456106211,0.927049154389379,0,2019-09-21 21:36:31
0.466152784012906,0.533847215987094,0.467926412114317,0.532073587885682,1,2019-09-21 21:36:31
0.0973200879669448,0.902679912033055,0.0770856806644792,0.922914319335521,0,2019-09-21 21:36:31
0.20212887736572,0.79787112263428,0.197290350914062,0.802709649085938,1,2019-09-21 21:36:31
0.25405650296061,0.74594349703939,0.274236485020195,0.725763514979805,0,2019-09-21 21:36:31
0.584987186575144,0.415012813424856,0.662481366010443,0.337518633989557,1,2019-09-21 21:36:31
0.737573500954491,0.262426499045509,0.657490860734366,0.342509139265634,1,2019-09-21 21:36:31
0.819267373078885,0.180732626921115,0.790033912697208,0.209966087302792,0,2019-09-21 21:36:31
0.0957540174254645,0.904245982574536,0.0770856806644792,0.922914319335521,0,2019-09-21 21:36:31
0.337145144720987,0.662854855279013,0.400559087429537,0.599440912570463,0,2019-09-21 21:36:31
0.869916035029277,0.130083964970723,0.837275253885984,0.162724746114016,1,2019-09-21 21:36:31
0.537430863686508,0.462569136313492,0.45106965739687,0.54893034260313,1,2019-09-21 21:36:31
0.922815453037285,0.0771845469627153,0.877868771523109,0.122131228476891,1,2019-09-21 21:36:31
0.284588956491462,0.715411043508538,0.285803481624319,0.714196518375681,1,2019-09-21 21:36:31
0.419290394243194,0.580709605756806,0.326517707502592,0.673482292497408,0,2019-09-21 21:36:31
0.931333070293561,0.0686669297064385,0.908071332464878,0.0919286675351219,1,2019-09-21 21:36:31
0.093961600008047,0.906038399991953,0.0729508456106211,0.927049154389379,0,2019-09-21 21:36:31
0.882391696466852,0.117608303533148,0.900988807812141,0.099011192187859,1,2019-09-21 21:36:31
0.509426256622663,0.490573743377336,0.462078847101127,0.537921152898873,0,2019-09-21 21:36:31
0.908779055965522,0.0912209440344782,0.874886690457775,0.125113309542225,1,2019-09-21 21:36:31
0.914191519442639,0.085808480557361,0.890297081895055,0.109702918104945,1,2019-09-21 21:36:31
0.923360257096762,0.0766397429032378,0.908076360247263,0.0919236397527366,1,2019-09-21 21:36:31
0.850962915801707,0.149037084198293,0.874013604497288,0.125986395502712,1,2019-09-21 21:39:33
0.947393483260966,0.0526065167390336,0.935978402624885,0.0640215973751153,1,2019-09-21 21:39:33
0.493907921928678,0.506092078071322,0.490908312264326,0.509091687735674,0,2019-09-21 21:39:33
0.141320207482939,0.858679792517061,0.111648034440546,0.888351965559454,0,2019-09-21 21:39:33
0.379944150452546,0.620055849547454,0.297516678720793,0.702483321279208,1,2019-09-21 21:39:33
0.175016307349976,0.824983692650024,0.155503284466646,0.844496715533354,0,2019-09-21 21:39:33
0.106608559300927,0.893391440699073,0.0918884947354443,0.908111505264556,0,2019-09-21 21:39:33
0.0811559580887671,0.918844041911233,0.0776605350326199,0.92233946496738,0,2019-09-21 21:39:33
0.314817391656513,0.685182608343487,0.28686910478197,0.71313089521803,0,2019-09-21 21:39:33
0.345228607208834,0.654771392791166,0.310126675894086,0.689873324105914,1,2019-09-21 21:39:33
0.121604741605696,0.878395258394304,0.111474449504763,0.888525550495237,0,2019-09-21 21:39:33
0.829850591199108,0.170149408800892,0.83924485756179,0.16075514243821,1,2019-09-21 21:39:33
0.126405634153427,0.873594365846572,0.113476303353738,0.886523696646262,1,2019-09-21 21:39:33
0.582610915989846,0.417389084010154,0.566582858381269,0.433417141618731,0,2019-09-21 21:39:33
0.120589564655866,0.879410435344134,0.108657532606598,0.891342467393403,0,2019-09-21 21:39:33
0.923432206644567,0.0765677933554327,0.917345369829851,0.0826546301701485,1,2019-09-21 21:39:33
0.145235506153997,0.854764493846003,0.126293862817563,0.873706137182437,1,2019-09-21 21:39:33
0.245180283202323,0.754819716797677,0.242183886436096,0.757816113563904,0,2019-09-21 21:39:33
0.824836230849323,0.175163769150677,0.809993540662539,0.190006459337461,1,2019-09-21 21:39:33
0.142435135372836,0.857564864627164,0.114806958140689,0.885193041859311,0,2019-09-21 21:39:33
0.102363009285194,0.897636990714806,0.0855622915847553,0.914437708415245,0,2019-09-21 21:39:33
0.945909540791778,0.0540904592082219,0.934402109787134,0.0655978902128661,1,2019-09-21 21:39:33
0.288179857483339,0.711820142516661,0.277538195073893,0.722461804926107,1,2019-09-21 21:39:33
0.194804295279187,0.805195704720813,0.176674426304463,0.823325573695537,0,2019-09-21 21:39:33
0.271442175033469,0.728557824966531,0.24603279426716,0.75396720573284,1,2019-09-21 21:39:33
0.114795239416124,0.885204760583876,0.0965277109616452,0.903472289038355,0,2019-09-21 21:39:33
0.504574042589708,0.495425957410292,0.558805686697866,0.441194313302134,1,2019-09-21 21:39:33
0.948546152813636,0.051453847186364,0.935720441817472,0.0642795581825279,1,2019-09-21 21:39:33
0.108372726831937,0.891627273168063,0.0909553072473975,0.909044692752602,0,2019-09-21 21:39:33
0.794804570948848,0.205195429051152,0.790524635238028,0.209475364761972,0,2019-09-21 21:39:33
0.0850885110590511,0.914911488940949,0.0767615024631961,0.923238497536804,0,2019-09-21 21:39:33
0.17294286215648,0.82705713784352,0.135715810535637,0.864284189464363,0,2019-09-21 21:39:33
0.380673735917237,0.619326264082763,0.350512956035071,0.649487043964929,0,2019-09-21 21:39:33
0.18789937482082,0.81210062517918,0.144828565430478,0.855171434569522,0,2019-09-21 21:39:33
0.0965709412638384,0.903429058736162,0.0839749057321747,0.916025094267825,0,2019-09-21 21:39:33
0.122147669065529,0.877852330934471,0.124686466825766,0.875313533174234,0,2019-09-21 21:39:33
0.163426070354726,0.836573929645274,0.13413267822037,0.86586732177963,0,2019-09-21 21:39:33
0.43973120567832,0.56026879432168,0.373943751825983,0.626056248174017,1,2019-09-21 21:39:33
0.69303714913674,0.30696285086326,0.727087760895838,0.272912239104162,1,2019-09-21 21:39:33
0.948482660750144,0.0515173392498561,0.934388894690841,0.0656111053091595,1,2019-09-21 21:39:33
0.801964469199856,0.198035530800144,0.791862231576722,0.208137768423278,1,2019-09-21 21:39:33
0.795118354681046,0.204881645318954,0.797776773696477,0.202223226303523,1,2019-09-21 21:39:33
0.468947172734447,0.531052827265553,0.394554399778897,0.605445600221103,1,2019-09-21 21:39:33
0.124716070609202,0.875283929390798,0.110462776297682,0.889537223702318,0,2019-09-21 21:39:33
0.364717309473457,0.635282690526543,0.363511979736798,0.636488020263202,0,2019-09-21 21:39:33
0.206911297425447,0.793088702574553,0.170885682368598,0.829114317631402,0,2019-09-21 21:39:33
0.921017993314551,0.0789820066854486,0.908340653308182,0.0916593466918179,1,2019-09-21 21:39:33
0.272155330471422,0.727844669528578,0.218092193960127,0.781907806039873,1,2019-09-21 21:39:33
0.248485033129174,0.751514966870826,0.233016781878707,0.766983218121293,0,2019-09-21 21:39:33
0.0986589778716282,0.901341022128372,0.0828563157374233,0.917143684262577,0,2019-09-21 21:39:33
0.0784479562158674,0.921552043784133,0.0736491238020709,0.926350876197929,0,2019-09-21 21:39:33
0.453458957835788,0.546541042164212,0.401008975458035,0.598991024541965,1,2019-09-21 21:39:33
0.449014866084263,0.550985133915737,0.434850731974823,0.565149268025177,0,2019-09-21 21:39:33
0.366868773319906,0.633131226680094,0.32630385179458,0.67369614820542,0,2019-09-21 21:39:33
0.131009418068941,0.868990581931059,0.111652049618721,0.888347950381279,0,2019-09-21 21:39:33
0.134878248158229,0.865121751841771,0.120178187011832,0.879821812988168,0,2019-09-21 21:39:33
0.65945137281393,0.34054862718607,0.649307040467179,0.350692959532821,0,2019-09-21 21:39:33
0.0827883903787336,0.917211609621266,0.0772561105819335,0.922743889418067,0,2019-09-21 21:39:33
0.109131143939695,0.890868856060305,0.0930810618686061,0.906918938131394,0,2019-09-21 21:39:33
0.194875215646792,0.805124784353208,0.154214252527027,0.845785747472973,0,2019-09-21 21:39:33
0.606031329070459,0.393968670929541,0.560541893657499,0.439458106342501,1,2019-09-21 21:39:33
0.464163756915455,0.535836243084545,0.455814751505697,0.544185248494303,1,2019-09-21 21:39:33
0.623624951009726,0.376375048990274,0.608383739213288,0.391616260786712,0,2019-09-21 21:39:33
0.944166577828815,0.0558334221711849,0.93145722089568,0.0685427791043203,1,2019-09-21 21:39:33
0.584931572167036,0.415068427832964,0.574961971681005,0.425038028318995,1,2019-09-21 21:39:33
0.149829091608606,0.850170908391394,0.126453328411623,0.873546671588377,1,2019-09-21 21:39:33
0.787724551882487,0.212275448117513,0.801629481760943,0.198370518239057,1,2019-09-21 21:39:33
0.100527105992908,0.899472894007092,0.0873187075256178,0.912681292474382,0,2019-09-21 21:39:33
0.277199296392878,0.722800703607122,0.239820248056076,0.760179751943925,1,2019-09-21 21:39:33
0.447451689481569,0.552548310518431,0.43520985405843,0.56479014594157,0,2019-09-21 21:39:33
0.104089358283211,0.895910641716788,0.0878144239092067,0.912185576090793,0,2019-09-21 21:39:33
0.718833848257293,0.281166151742707,0.734637980075172,0.265362019924828,1,2019-09-21 21:39:33
0.614426308547089,0.385573691452911,0.573924860685344,0.426075139314656,1,2019-09-21 21:39:33
0.1045128400778,0.8954871599222,0.0900817234566302,0.90991827654337,0,2019-09-21 21:39:33
0.084841581925228,0.915158418074772,0.0766975046601454,0.923302495339855,0,2019-09-21 21:39:33
0.129289173512956,0.870710826487044,0.120913516615106,0.879086483384894,0,2019-09-21 21:39:33
0.22548185552179,0.77451814447821,0.184082817373442,0.815917182626558,0,2019-09-21 21:39:33
0.65743378393356,0.34256621606644,0.664512399693911,0.335487600306089,1,2019-09-21 21:39:33
0.897101627190643,0.102898372809357,0.886632505753101,0.113367494246899,0,2019-09-21 21:39:33
0.087574980977098,0.912425019022902,0.0769743817162354,0.923025618283765,0,2019-09-21 21:39:33
0.57607778932546,0.42392221067454,0.578951276881959,0.421048723118041,0,2019-09-21 21:39:33
0.201853774567456,0.798146225432544,0.184853698950368,0.815146301049632,0,2019-09-21 21:39:33
0.133355973339565,0.866644026660435,0.10071219957246,0.89928780042754,1,2019-09-21 21:39:33
0.901665297197761,0.0983347028022393,0.901259210457615,0.0987407895423854,1,2019-09-21 21:39:33
0.835871403002337,0.164128596997663,0.844652054971517,0.155347945028483,1,2019-09-21 21:39:33
0.453609915621104,0.546390084378896,0.383450313820209,0.616549686179791,1,2019-09-21 21:39:33
0.271219016067033,0.728780983932967,0.264957449740006,0.735042550259994,1,2019-09-21 21:39:33
0.838720906948798,0.161279093051202,0.846938985599041,0.153061014400959,1,2019-09-21 21:39:33
0.66218286519396,0.33781713480604,0.663840059666876,0.336159940333124,0,2019-09-21 21:39:33
0.143249803009659,0.856750196990341,0.114575787415363,0.885424212584637,1,2019-09-21 21:39:33
0.380081516039633,0.619918483960367,0.340377797452444,0.659622202547556,0,2019-09-21 21:39:33
0.167366248233088,0.832633751766912,0.150963042733285,0.849036957266715,1,2019-09-21 21:39:33
0.0805714554617196,0.91942854453828,0.0776605350326199,0.92233946496738,0,2019-09-21 21:39:33
0.658452316484226,0.341547683515774,0.699953244042789,0.300046755957211,1,2019-09-21 21:39:33
0.897570491703037,0.102429508296963,0.895271311351309,0.104728688648691,1,2019-09-21 21:39:33
0.843112586177459,0.156887413822541,0.843524053315618,0.156475946684382,1,2019-09-21 21:39:33
0.159296645498878,0.840703354501122,0.131105855883837,0.868894144116163,0,2019-09-21 21:39:33
0.916805166886303,0.083194833113697,0.912551311652643,0.087448688347357,1,2019-09-21 21:39:33
0.294749705148682,0.705250294851318,0.242034471481703,0.757965528518297,1,2019-09-21 21:39:33
0.124726490462167,0.875273509537833,0.144168327850161,0.855831672149839,0,2019-09-21 21:39:33
0.722610620822379,0.277389379177621,0.69920273237255,0.30079726762745,1,2019-09-21 21:40:09
0.112159883008548,0.887840116991452,0.111734976098631,0.888265023901369,0,2019-09-21 21:40:09
0.123453758052423,0.876546241947577,0.115160256957478,0.884839743042522,0,2019-09-21 21:40:09
0.77875615368717,0.22124384631283,0.785861597040833,0.214138402959167,1,2019-09-21 21:40:09
0.716355646381357,0.283644353618643,0.712912115474164,0.287087884525836,0,2019-09-21 21:40:09
0.746244783681465,0.253755216318535,0.732020517402965,0.267979482597035,0,2019-09-21 21:40:09
0.127368664777577,0.872631335222423,0.127907389810713,0.872092610189288,0,2019-09-21 21:40:09
0.133132075017665,0.866867924982335,0.127622277285229,0.872377722714771,0,2019-09-21 21:40:09
0.292951780393721,0.707048219606279,0.349236697686856,0.650763302313144,0,2019-09-21 21:40:09
0.831586027976862,0.168413972023138,0.829146033469058,0.170853966530942,1,2019-09-21 21:40:09
0.838973767962646,0.161026232037354,0.809267244712813,0.190732755287187,1,2019-09-21 21:40:09
0.237262125010875,0.762737874989125,0.241344724184993,0.758655275815007,0,2019-09-21 21:40:09
0.748517608330133,0.251482391669867,0.754483774634361,0.245516225365639,0,2019-09-21 21:40:09
0.232720763236508,0.767279236763492,0.206387184992301,0.793612815007699,1,2019-09-21 21:40:09
0.133571468957059,0.866428531042941,0.141465176022998,0.858534823977002,0,2019-09-21 21:40:09
0.845315566226979,0.154684433773021,0.829894779462864,0.170105220537136,1,2019-09-21 21:40:09
0.854908907693001,0.145091092306999,0.854036381236751,0.145963618763249,1,2019-09-21 21:40:09
0.189494987731194,0.810505012268806,0.254352345263871,0.745647654736129,1,2019-09-21 21:40:09
0.862232579190585,0.137767420809415,0.860007852272471,0.139992147727529,1,2019-09-21 21:40:09
0.255338026084749,0.744661973915251,0.237785056824003,0.762214943175997,1,2019-09-21 21:40:09
0.16809247845177,0.83190752154823,0.162389400352285,0.837610599647715,0,2019-09-21 21:40:09
0.868173223053764,0.131826776946236,0.862043687194921,0.137956312805079,1,2019-09-21 21:40:09
0.258058382316387,0.741941617683613,0.300079515319547,0.699920484680453,0,2019-09-21 21:40:09
0.188445185440857,0.811554814559143,0.170325260897544,0.829674739102456,0,2019-09-21 21:40:09
0.754187408830976,0.245812591169024,0.789614598946482,0.210385401053518,1,2019-09-21 21:40:09
0.150397956579191,0.849602043420809,0.1487548233186,0.8512451766814,0,2019-09-21 21:40:09
0.121361218615255,0.878638781384745,0.136311842148724,0.863688157851276,0,2019-09-21 21:40:09
0.838147414787908,0.161852585212092,0.851156536185484,0.148843463814516,0,2019-09-21 21:40:09
0.156012264548027,0.843987735451973,0.139252670276461,0.860747329723539,0,2019-09-21 21:40:09
0.86464706865261,0.13535293134739,0.854675935982742,0.145324064017258,1,2019-09-21 21:40:09
0.165050201127635,0.834949798872365,0.144737901420278,0.855262098579722,0,2019-09-21 21:40:09
0.141482293928589,0.858517706071411,0.142271519934289,0.857728480065711,0,2019-09-21 21:40:09
0.862232579190585,0.137767420809415,0.860834820989839,0.139165179010161,1,2019-09-21 21:40:09
0.795015071240205,0.204984928759795,0.805183865235502,0.194816134764498,1,2019-09-21 21:40:09
0.351166344017379,0.648833655982621,0.323292601423471,0.676707398576529,1,2019-09-21 21:40:09
0.685413976293465,0.314586023706535,0.691825689381878,0.308174310618122,0,2019-09-21 21:40:09
0.812136633427652,0.187863366572348,0.843167092792454,0.156832907207546,1,2019-09-21 21:40:09
0.732663027707699,0.267336972292301,0.751155955130472,0.248844044869529,0,2019-09-21 21:40:09
0.147360257054138,0.852639742945862,0.157462146154307,0.842537853845693,0,2019-09-21 21:40:09
0.845315566226979,0.154684433773021,0.829894779462864,0.170105220537136,1,2019-09-21 21:40:09
0.86464706865261,0.13535293134739,0.848115024165838,0.151884975834162,1,2019-09-21 21:40:09
0.281640297806924,0.718359702193076,0.270635849642304,0.729364150357696,1,2019-09-21 21:40:09
0.868173223053764,0.131826776946236,0.862043687194921,0.137956312805079,1,2019-09-21 21:40:09
0.11421870653796,0.88578129346204,0.111644226784152,0.888355773215848,0,2019-09-21 21:40:09
0.831586027976862,0.168413972023138,0.82234759371597,0.17765240628403,1,2019-09-21 21:40:09
0.139612532055148,0.860387467944852,0.131176428135275,0.868823571864725,0,2019-09-21 21:40:09
0.11421870653796,0.88578129346204,0.111644226784152,0.888355773215848,0,2019-09-21 21:40:09
0.122297137910509,0.877702862089491,0.111644226784152,0.888355773215848,0,2019-09-21 21:40:09
0.737029793499448,0.262970206500552,0.756464925625052,0.243535074374948,0,2019-09-21 21:40:09
0.259046902982327,0.740953097017673,0.207119631983519,0.792880368016481,0,2019-09-21 21:40:09
0.724589149636269,0.275410850363731,0.761124301904049,0.238875698095951,0,2019-09-21 21:40:09
0.780030526341066,0.219969473658934,0.782691211953853,0.217308788046147,1,2019-09-21 21:40:09
0.817451648475367,0.182548351524633,0.789434260183365,0.210565739816635,1,2019-09-21 21:40:09
0.855731406002007,0.144268593997993,0.847365663881064,0.152634336118936,1,2019-09-21 21:40:09
0.78294848806952,0.21705151193048,0.798250538874388,0.201749461125612,0,2019-09-21 21:40:09
0.6275793896072,0.3724206103928,0.643222463923667,0.356777536076333,0,2019-09-21 21:40:09
0.135989217874808,0.864010782125192,0.144423241084136,0.855576758915864,0,2019-09-21 21:40:09
0.305089833571765,0.694910166428235,0.28212886090034,0.71787113909966,0,2019-09-21 21:40:09
0.349701773545943,0.650298226454057,0.327053070269899,0.672946929730101,0,2019-09-21 21:40:09
0.227094131980813,0.772905868019187,0.231039272216976,0.768960727783024,1,2019-09-21 21:40:09
0.316884053594331,0.683115946405669,0.273286969789296,0.726713030210704,0,2019-09-21 21:40:09
0.868173223053764,0.131826776946236,0.861216718477554,0.138783281522446,1,2019-09-21 21:40:09
0.356941195630566,0.643058804369434,0.329428691380273,0.670571308619727,0,2019-09-21 21:40:09
0.76070940555406,0.23929059444594,0.797187534969809,0.202812465030191,0,2019-09-21 21:40:09
0.37152906171474,0.62847093828526,0.340120404672652,0.659879595327348,0,2019-09-21 21:40:09
0.777426062179064,0.222573937820936,0.766599459934498,0.233400540065502,0,2019-09-21 21:40:09
0.767112357713991,0.232887642286009,0.75732601448102,0.24267398551898,1,2019-09-21 21:40:09
0.793314697756268,0.206685302243732,0.796626936539405,0.203373063460595,1,2019-09-21 21:40:09
0.301427373939233,0.698572626060767,0.319567039199483,0.680432960800517,0,2019-09-21 21:40:09
0.198445509870573,0.801554490129427,0.175243404440083,0.824756595559917,1,2019-09-21 21:40:09
0.767112357713991,0.232887642286009,0.758818521289507,0.241181478710493,0,2019-09-21 21:40:09
0.699252783119353,0.300747216880647,0.69677469120759,0.30322530879241,0,2019-09-21 21:40:09
0.757852442215669,0.242147557784331,0.762424407019318,0.237575592980682,0,2019-09-21 21:40:09
0.830740957554327,0.169259042445673,0.823556459921053,0.176443540078947,1,2019-09-21 21:40:09
0.11421870653796,0.88578129346204,0.111644226784152,0.888355773215848,0,2019-09-21 21:40:09
0.264253688735351,0.735746311264649,0.237633844205875,0.762366155794125,1,2019-09-21 21:40:09
0.686493974737653,0.313506025262347,0.677460434229303,0.322539565770697,0,2019-09-21 21:40:09
0.11421870653796,0.88578129346204,0.111644226784152,0.888355773215848,0,2019-09-21 21:40:09
0.164271237887255,0.835728762112745,0.151757023994781,0.848242976005219,0,2019-09-21 21:40:09
0.344862350636051,0.655137649363949,0.36555680414974,0.63444319585026,1,2019-09-21 21:40:09
0.253460124717081,0.746539875282919,0.199163845587626,0.800836154412374,0,2019-09-21 21:40:09
0.803720953593146,0.196279046406854,0.811416043355994,0.188583956644006,1,2019-09-21 21:40:09
0.116430292486471,0.883569707513529,0.114930033440376,0.885069966559624,0,2019-09-21 21:40:09
0.115612645931899,0.884387354068101,0.111644226784152,0.888355773215848,0,2019-09-21 21:40:09
0.387589742615297,0.612410257384703,0.355651038793141,0.644348961206859,1,2019-09-21 21:40:09
0.841789411825825,0.158210588174175,0.810072253830654,0.189927746169346,1,2019-09-21 21:40:09
0.191688750062285,0.808311249937715,0.15951037688413,0.84048962311587,0,2019-09-21 21:40:09
0.168313147666046,0.831686852333954,0.167529947607261,0.832470052392739,0,2019-09-21 21:40:09
0.11421870653796,0.88578129346204,0.111644226784152,0.888355773215848,0,2019-09-21 21:40:09
0.529767649024075,0.470232350975925,0.590627486387694,0.409372513612306,1,2019-09-21 21:40:09
0.2628536151564,0.7371463848436,0.16599368026844,0.83400631973156,1,2019-09-21 21:40:09
0.121361218615255,0.878638781384745,0.121129730844644,0.878870269155356,0,2019-09-21 21:40:09
0.358981341789157,0.641018658210843,0.3350622261074,0.6649377738926,0,2019-09-21 21:40:09
0.373900238539058,0.626099761460942,0.342326376728957,0.657673623271043,1,2019-09-21 21:40:09
0.697826183519752,0.302173816480248,0.749237017970006,0.250762982029994,0,2019-09-21 21:40:09
0.244319621083693,0.755680378916307,0.276932067075654,0.723067932924346,0,2019-09-21 21:40:09
0.172183581976061,0.827816418023939,0.165320422642554,0.834679577357446,1,2019-09-21 21:40:09
0.691024985590085,0.308975014409915,0.685828195227805,0.314171804772194,0,2019-09-21 21:40:09
0.140465942422121,0.859534057577879,0.131730997239283,0.868269002760717,0,2019-09-21 21:40:09
0.829557416065897,0.170442583934103,0.816203411128952,0.183796588871048,1,2019-09-21 21:40:09
